timestamp,elapsed_seconds,distance,heart_rate,power,cadence_corrected,enhanced_speed,pace_min_km,step_length_m,vertical_oscillation,vertical_ratio,stance_time,stance_time_balance,gct_left_ms,gct_right_ms,gct_imbalance_ms
2025-07-19 02:37:46+00:00,0.0,1.97,107,201.0,154,1.969,8.464533604198408,0.757,81.5,10.77,304.0,,,,
2025-07-19 02:37:47+00:00,1.0,3.94,106,205.0,154,1.969,8.464533604198408,0.757,81.5,10.77,304.0,,,,
2025-07-19 02:37:48+00:00,2.0,5.9,107,210.0,154,1.969,8.464533604198408,0.757,81.5,10.77,304.0,,,,
2025-07-19 02:37:49+00:00,3.0,7.87,107,214.0,154,1.969,8.464533604198408,0.757,81.5,10.77,304.0,,,,
2025-07-19 02:37:50+00:00,4.0,9.84,108,199.0,154,1.969,8.464533604198408,0.757,81.5,10.77,304.0,,,,
2025-07-19 02:37:51+00:00,5.0,11.81,108,199.0,160,1.969,8.464533604198408,0.757,81.5,10.77,304.0,,,,
2025-07-19 02:37:52+00:00,6.0,13.78,109,199.0,160,1.969,8.464533604198408,0.738,79.5,10.77,296.0,,,,
2025-07-19 02:37:53+00:00,7.0,15.76,109,200.0,164,1.978,8.426019548365353,0.723,77.4,10.69,289.0,,,,
2025-07-19 02:37:54+00:00,8.0,17.75,109,200.0,166,1.987,8.387854386847845,0.718,76.3,10.62,286.0,,,,
2025-07-19 02:37:55+00:00,9.0,19.74,110,201.0,166,1.997,8.345852111500584,0.721,76.4,10.58,286.0,,,,
2025-07-19 02:37:56+00:00,10.0,21.76,110,203.0,166,2.015,8.271298593879239,0.728,76.6,10.52,286.0,,,,
2025-07-19 02:37:57+00:00,11.0,23.85,110,212.0,166,2.09,7.974481658692185,0.755,78.2,10.35,284.0,,,,
2025-07-19 02:37:58+00:00,12.0,26.08,110,229.0,166,2.23,7.473841554559042,0.806,80.8,10.02,281.0,,,,
2025-07-19 02:37:59+00:00,13.0,28.39,111,239.0,166,2.314,7.202535292422933,0.836,82.4,9.85,279.0,,,,
2025-07-19 02:38:00+00:00,14.0,30.74,111,244.0,160,2.351,7.089181908407769,0.881,87.3,9.9,288.0,,,,
2025-07-19 02:38:01+00:00,15.0,33.1,112,241.0,160,2.351,7.089181908407769,0.881,87.3,9.9,288.0,,,,
2025-07-19 02:38:02+00:00,16.0,35.44,112,234.0,160,2.342,7.116424708226586,0.878,87.2,9.93,288.0,,,,
2025-07-19 02:38:03+00:00,17.0,37.77,113,229.0,160,2.333,7.14387769681383,0.874,87.1,9.95,288.0,,,,
2025-07-19 02:38:04+00:00,18.0,40.09,113,227.0,160,2.323,7.174630506528914,0.871,86.9,9.98,288.0,,,,
2025-07-19 02:38:05+00:00,19.0,42.42,114,226.0,160,2.323,7.174630506528914,0.871,86.9,9.98,288.0,,,,
2025-07-19 02:38:06+00:00,20.0,44.74,114,226.0,160,2.323,7.174630506528914,0.871,86.9,9.98,288.0,,,,
2025-07-19 02:38:07+00:00,21.0,47.06,114,226.0,162,2.323,7.174630506528914,0.871,86.9,9.98,288.0,,,,
2025-07-19 02:38:08+00:00,22.0,49.39,115,225.0,162,2.323,7.174630506528914,0.86,85.4,9.92,285.0,,,,
2025-07-19 02:38:09+00:00,23.0,51.71,115,225.0,162,2.323,7.174630506528914,0.86,85.4,9.92,285.0,,,,
2025-07-19 02:38:10+00:00,24.0,54.04,115,226.0,162,2.333,7.14387769681383,0.863,85.5,9.9,285.0,,,,
2025-07-19 02:38:11+00:00,25.0,56.38,116,226.0,160,2.333,7.14387769681383,0.863,85.5,9.9,285.0,,,,
2025-07-19 02:38:12+00:00,26.0,58.72,116,228.0,160,2.342,7.116424708226586,0.878,87.2,9.93,288.0,,,,
2025-07-19 02:38:13+00:00,27.0,61.07,116,229.0,160,2.351,7.089181908407769,0.881,87.3,9.9,288.0,,,,
2025-07-19 02:38:14+00:00,28.0,63.46,116,234.0,160,2.389,6.976419701409238,0.895,88.1,9.83,287.0,,,,
2025-07-19 02:38:15+00:00,29.0,65.91,117,243.0,160,2.454,6.791632708503124,0.92,89.6,9.73,285.0,,,,
2025-07-19 02:38:16+00:00,30.0,68.48,117,257.0,158,2.566,6.495193556767992,0.962,91.5,9.51,283.0,,,,
2025-07-19 02:38:17+00:00,31.0,71.08,117,264.0,158,2.603,6.402868485081316,0.988,94.1,9.52,285.0,,,,
2025-07-19 02:38:18+00:00,32.0,73.68,117,262.0,160,2.603,6.402868485081316,0.988,94.1,9.52,285.0,,,,
2025-07-19 02:38:19+00:00,33.0,76.29,118,260.0,160,2.613,6.378364587319811,0.979,92.8,9.47,281.0,,,,
2025-07-19 02:38:20+00:00,34.0,78.93,118,258.0,160,2.631,6.334726973267453,0.986,93.0,9.42,281.0,,,,
2025-07-19 02:38:21+00:00,35.0,81.6,118,263.0,160,2.678,6.223549912870301,1.004,93.8,9.34,280.0,,,,
2025-07-19 02:38:22+00:00,36.0,84.3,119,267.0,160,2.697,6.17970584600173,1.011,94.4,9.33,279.0,,,,
2025-07-19 02:38:23+00:00,37.0,87.0,119,266.0,160,2.697,6.17970584600173,1.011,94.4,9.33,279.0,,,,
2025-07-19 02:38:24+00:00,38.0,89.71,119,267.0,162,2.706,6.159152500615916,1.014,94.5,9.31,279.0,,,,
2025-07-19 02:38:25+00:00,39.0,92.42,120,266.0,162,2.715,6.1387354205033775,1.005,92.8,9.22,276.0,,,,
2025-07-19 02:38:26+00:00,40.0,95.14,120,267.0,162,2.725,6.116207951070336,1.009,93.2,9.24,275.0,,,,
2025-07-19 02:38:27+00:00,41.0,97.89,120,269.0,162,2.743,6.076072426783328,1.016,93.4,9.19,275.0,,,,
2025-07-19 02:38:28+00:00,42.0,100.63,120,269.0,160,2.743,6.076072426783328,1.016,93.4,9.19,275.0,,,,
2025-07-19 02:38:29+00:00,43.0,103.38,121,269.0,160,2.743,6.076072426783328,1.016,93.4,9.19,275.0,,,,
2025-07-19 02:38:30+00:00,44.0,106.12,121,268.0,162,2.743,6.076072426783328,1.003,91.6,9.13,272.0,,,,
2025-07-19 02:38:31+00:00,45.0,108.86,121,267.0,162,2.743,6.076072426783328,1.003,91.6,9.13,272.0,,,,
2025-07-19 02:38:32+00:00,46.0,111.6,122,267.0,162,2.734,6.0960741282614,1.0,91.6,9.15,272.0,,,,
2025-07-19 02:38:33+00:00,47.0,114.33,122,267.0,164,2.734,6.0960741282614,1.0,91.6,9.15,272.0,,,,
2025-07-19 02:38:34+00:00,48.0,117.06,122,267.0,162,2.734,6.0960741282614,1.0,91.6,9.15,272.0,,,,
2025-07-19 02:38:35+00:00,49.0,119.8,123,268.0,162,2.743,6.076072426783328,1.003,91.6,9.13,272.0,,,,
2025-07-19 02:38:36+00:00,50.0,122.56,123,271.0,162,2.753,6.0540016951204745,1.007,92.1,9.14,271.0,,,,
2025-07-19 02:38:37+00:00,51.0,125.31,123,271.0,162,2.753,6.0540016951204745,1.007,92.1,9.14,271.0,,,,
2025-07-19 02:38:38+00:00,52.0,128.06,123,271.0,162,2.753,6.0540016951204745,1.007,92.1,9.14,271.0,,,,
2025-07-19 02:38:39+00:00,53.0,130.82,124,271.0,162,2.753,6.0540016951204745,1.019,93.5,9.17,275.0,,,,
2025-07-19 02:38:40+00:00,54.0,133.57,124,271.0,162,2.753,6.0540016951204745,1.019,93.5,9.17,275.0,,,,
2025-07-19 02:38:41+00:00,55.0,136.32,124,271.0,162,2.753,6.0540016951204745,1.007,92.1,9.14,271.0,,,,
2025-07-19 02:38:42+00:00,56.0,139.09,124,273.0,162,2.771,6.014675808973896,1.013,92.3,9.1,271.0,,,,
2025-07-19 02:38:43+00:00,57.0,141.89,125,278.0,164,2.799,5.954507562224604,1.024,92.9,9.07,270.0,,,,
2025-07-19 02:38:44+00:00,58.0,144.72,125,281.0,164,2.827,5.895531187359981,1.034,93.1,9.0,270.0,,,,
2025-07-19 02:38:45+00:00,59.0,147.57,125,286.0,162,2.855,5.837711617046118,1.044,93.7,8.97,269.0,,,,
2025-07-19 02:38:46+00:00,60.0,150.45,125,288.0,162,2.874,5.799118533982835,1.051,94.2,8.96,268.0,,,,
2025-07-19 02:38:47+00:00,61.0,153.34,125,289.0,162,2.893,5.76103237700196,1.058,94.4,8.92,268.0,,,,
2025-07-19 02:38:48+00:00,62.0,156.21,126,285.0,162,2.874,5.799118533982835,1.051,94.2,8.96,268.0,,,,
2025-07-19 02:38:49+00:00,63.0,159.08,126,282.0,162,2.865,5.817335660267597,1.047,93.8,8.95,269.0,,,,
2025-07-19 02:38:50+00:00,64.0,161.93,126,282.0,160,2.855,5.837711617046118,1.057,95.5,9.03,272.0,,,,
2025-07-19 02:38:51+00:00,65.0,164.79,126,282.0,160,2.855,5.837711617046118,1.057,95.5,9.03,272.0,,,,
2025-07-19 02:38:52+00:00,66.0,167.61,126,278.0,162,2.818,5.914360066240833,1.043,94.8,9.08,273.0,,,,
2025-07-19 02:38:53+00:00,67.0,170.4,127,276.0,162,2.79,5.973715651135006,1.033,94.2,9.11,274.0,,,,
2025-07-19 02:38:54+00:00,68.0,173.17,127,274.0,162,2.771,6.014675808973896,1.026,94.0,9.16,274.0,,,,
2025-07-19 02:38:55+00:00,69.0,175.93,127,274.0,160,2.762,6.034274680183442,1.035,95.4,9.21,278.0,,,,
2025-07-19 02:38:56+00:00,70.0,178.69,127,274.0,160,2.762,6.034274680183442,1.035,95.4,9.21,278.0,,,,
2025-07-19 02:38:57+00:00,71.0,181.44,127,273.0,160,2.753,6.0540016951204745,1.032,95.3,9.23,278.0,,,,
2025-07-19 02:38:58+00:00,72.0,184.19,127,271.0,160,2.743,6.076072426783328,1.016,93.4,9.19,275.0,,,,
2025-07-19 02:38:59+00:00,73.0,186.92,127,269.0,160,2.734,6.0960741282614,1.012,93.3,9.21,275.0,,,,
2025-07-19 02:39:00+00:00,74.0,189.68,128,272.0,160,2.762,6.034274680183442,1.022,93.9,9.18,274.0,,,,
2025-07-19 02:39:01+00:00,75.0,192.48,128,277.0,162,2.799,5.954507562224604,1.036,94.3,9.09,274.0,,,,
2025-07-19 02:39:02+00:00,76.0,195.32,128,283.0,162,2.837,5.874750323111268,1.05,95.0,9.04,273.0,,,,
2025-07-19 02:39:03+00:00,77.0,198.19,128,288.0,162,2.874,5.799118533982835,1.064,95.7,8.99,272.0,,,,
2025-07-19 02:39:04+00:00,78.0,201.09,128,289.0,162,2.893,5.76103237700196,1.058,94.4,8.92,268.0,,,,
2025-07-19 02:39:05+00:00,79.0,203.86,128,271.0,162,2.781,5.993048064245475,1.017,92.3,9.08,271.0,,,,
2025-07-19 02:39:06+00:00,80.0,206.4,128,248.0,162,2.538,6.566850538481744,0.928,87.9,9.47,277.0,,,,
2025-07-19 02:39:07+00:00,81.0,208.62,129,219.0,160,2.221,7.5041272699984995,0.822,83.5,10.15,287.0,,,,
2025-07-19 02:39:08+00:00,82.0,210.77,129,212.0,160,2.146,7.766387076731905,0.794,81.8,10.3,289.0,,,,
2025-07-19 02:39:09+00:00,83.0,213.13,129,232.0,160,2.361,7.059155724975292,0.874,86.2,9.86,284.0,,,,
2025-07-19 02:39:10+00:00,84.0,215.65,129,247.0,160,2.519,6.61638216223369,0.933,89.3,9.58,280.0,,,,
2025-07-19 02:39:11+00:00,85.0,218.24,128,269.0,162,2.594,6.42508352608584,0.948,89.2,9.4,275.0,,,,
2025-07-19 02:39:12+00:00,86.0,220.89,129,278.0,162,2.641,6.310740880979426,0.966,90.0,9.31,274.0,,,,
2025-07-19 02:39:13+00:00,87.0,223.57,129,278.0,162,2.687,6.202704379109291,0.995,92.5,9.29,276.0,,,,
2025-07-19 02:39:14+00:00,88.0,226.3,129,277.0,162,2.734,6.0960741282614,1.012,93.3,9.21,275.0,,,,
2025-07-19 02:39:15+00:00,89.0,229.21,129,297.0,164,2.902,5.743165632896853,1.061,94.4,8.89,268.0,,,,
2025-07-19 02:39:16+00:00,90.0,232.15,129,300.0,164,2.939,5.670863105364637,1.075,95.1,8.84,267.0,,,,
2025-07-19 02:39:17+00:00,91.0,235.09,129,300.0,164,2.948,5.653550429669833,1.078,95.2,8.82,267.0,,,,
2025-07-19 02:39:18+00:00,92.0,238.07,129,302.0,164,2.976,5.600358422939068,1.088,95.7,8.79,266.0,,,,
2025-07-19 02:39:19+00:00,93.0,241.06,129,296.0,162,2.986,5.581603036392051,1.105,97.7,8.83,269.0,,,,
2025-07-19 02:39:20+00:00,94.0,243.99,130,286.0,164,2.93,5.688282138794084,1.085,96.9,8.93,270.0,,,,
2025-07-19 02:39:21+00:00,95.0,246.88,130,282.0,164,2.893,5.76103237700196,1.058,94.4,8.92,268.0,,,,
2025-07-19 02:39:22+00:00,96.0,249.67,130,272.0,164,2.79,5.973715651135006,1.02,92.4,9.05,271.0,,,,
2025-07-19 02:39:23+00:00,97.0,252.26,130,253.0,164,2.594,6.42508352608584,0.937,87.6,9.34,272.0,,,,
2025-07-19 02:39:24+00:00,98.0,254.62,130,231.0,164,2.361,7.059155724975292,0.853,83.2,9.75,278.0,,,,
2025-07-19 02:39:25+00:00,99.0,256.93,130,227.0,164,2.305,7.230657989877078,0.843,83.7,9.93,282.0,,,,
2025-07-19 02:39:26+00:00,100.0,259.09,130,214.0,164,2.165,7.698229407236335,0.791,81.0,10.23,285.0,,,,
2025-07-19 02:39:27+00:00,101.0,261.22,130,211.0,164,2.127,7.8357624196834355,0.778,80.2,10.31,286.0,,,,
2025-07-19 02:39:28+00:00,102.0,263.32,131,209.0,164,2.099,7.940289026520564,0.768,79.6,10.36,287.0,,,,
2025-07-19 02:39:29+00:00,103.0,265.4,130,207.0,164,2.081,8.008970046452026,0.761,79.3,10.42,287.0,,,,
2025-07-19 02:39:30+00:00,104.0,267.48,130,208.0,162,2.081,8.008970046452026,0.77,80.7,10.47,290.0,,,,
2025-07-19 02:39:31+00:00,105.0,269.74,131,228.0,164,2.258,7.3811632713315625,0.826,82.8,10.02,283.0,,,,
2025-07-19 02:39:32+00:00,106.0,272.3,130,269.0,164,2.557,6.518055012384305,0.935,88.5,9.46,276.0,,,,
2025-07-19 02:39:33+00:00,107.0,274.98,130,284.0,164,2.687,6.202704379109291,0.983,90.8,9.23,273.0,,,,
2025-07-19 02:39:34+00:00,108.0,277.73,131,291.0,164,2.753,6.0540016951204745,1.007,92.1,9.14,271.0,,,,
2025-07-19 02:39:35+00:00,109.0,280.54,131,298.0,164,2.809,5.933309600094932,1.027,92.9,9.04,270.0,,,,
2025-07-19 02:39:36+00:00,110.0,283.37,131,291.0,162,2.827,5.895531187359981,1.034,93.1,9.0,270.0,,,,
2025-07-19 02:39:37+00:00,111.0,285.98,131,257.0,164,2.613,6.378364587319811,0.955,89.4,9.35,275.0,,,,
2025-07-19 02:39:38+00:00,112.0,288.45,130,243.0,164,2.463,6.766815536608472,0.901,86.8,9.63,278.0,,,,
2025-07-19 02:39:39+00:00,113.0,290.67,131,220.0,166,2.221,7.5041272699984995,0.802,80.7,10.05,281.0,,,,
2025-07-19 02:39:40+00:00,114.0,292.76,131,208.0,166,2.09,7.974481658692185,0.755,78.2,10.35,284.0,,,,
2025-07-19 02:39:41+00:00,115.0,294.82,131,206.0,164,2.062,8.082767539605562,0.754,78.8,10.44,288.0,,,,
2025-07-19 02:39:42+00:00,116.0,296.97,131,214.0,164,2.146,7.766387076731905,0.785,80.5,10.25,286.0,,,,
2025-07-19 02:39:43+00:00,117.0,299.32,131,238.0,164,2.351,7.089181908407769,0.86,84.5,9.83,281.0,,,,
2025-07-19 02:39:44+00:00,118.0,301.73,131,252.0,164,2.417,6.895600606812854,0.884,86.0,9.72,279.0,,,,
2025-07-19 02:39:45+00:00,119.0,304.08,130,243.0,164,2.342,7.116424708226586,0.856,84.4,9.86,281.0,,,,
2025-07-19 02:39:46+00:00,120.0,306.36,131,233.0,164,2.286,7.2907553222513855,0.836,83.5,9.98,282.0,,,,
2025-07-19 02:39:47+00:00,121.0,308.61,130,224.0,162,2.249,7.410701052319549,0.822,82.7,10.05,283.0,,,,
2025-07-19 02:39:48+00:00,122.0,310.82,130,221.0,162,2.211,7.538067239559777,0.819,83.3,10.18,287.0,,,,
2025-07-19 02:39:49+00:00,123.0,313.0,130,218.0,162,2.183,7.634753397465262,0.808,82.7,10.22,288.0,,,,
2025-07-19 02:39:50+00:00,124.0,315.17,129,216.0,162,2.165,7.698229407236335,0.791,81.0,10.23,285.0,,,,
2025-07-19 02:39:51+00:00,125.0,317.28,129,211.0,162,2.109,7.90263948158685,0.771,80.0,10.37,286.0,,,,
2025-07-19 02:39:52+00:00,126.0,319.36,129,209.0,162,2.081,8.008970046452026,0.77,80.7,10.47,290.0,,,,
2025-07-19 02:39:53+00:00,127.0,321.43,129,207.0,162,2.071,8.047642040882021,0.767,80.2,10.46,291.0,,,,
2025-07-19 02:39:54+00:00,128.0,323.63,129,220.0,164,2.202,7.568876778686043,0.805,81.8,10.16,284.0,,,,
2025-07-19 02:39:55+00:00,129.0,325.98,128,242.0,164,2.351,7.089181908407769,0.86,84.5,9.83,281.0,,,,
2025-07-19 02:39:56+00:00,130.0,328.58,128,274.0,164,2.594,6.42508352608584,0.937,87.6,9.34,272.0,,,,
2025-07-19 02:39:57+00:00,131.0,331.26,128,283.0,164,2.687,6.202704379109291,0.971,89.1,9.18,270.0,,,,
2025-07-19 02:39:58+00:00,132.0,333.98,129,288.0,160,2.715,6.1387354205033775,1.005,92.8,9.22,276.0,,,,
2025-07-19 02:39:59+00:00,133.0,336.72,128,286.0,160,2.743,6.076072426783328,1.016,93.4,9.19,275.0,,,,
2025-07-19 02:40:00+00:00,134.0,339.49,129,277.0,162,2.762,6.034274680183442,1.022,93.9,9.18,274.0,,,,
2025-07-19 02:40:01+00:00,135.0,342.28,129,275.0,162,2.79,5.973715651135006,1.02,92.4,9.05,271.0,,,,
2025-07-19 02:40:02+00:00,136.0,345.09,129,275.0,162,2.809,5.933309600094932,1.027,92.9,9.04,270.0,,,,
2025-07-19 02:40:03+00:00,137.0,347.89,128,273.0,162,2.809,5.933309600094932,1.027,92.9,9.04,270.0,,,,
2025-07-19 02:40:04+00:00,138.0,350.7,129,272.0,162,2.809,5.933309600094932,1.027,92.9,9.04,270.0,,,,
2025-07-19 02:40:05+00:00,139.0,353.5,129,269.0,162,2.799,5.954507562224604,1.024,92.9,9.07,270.0,,,,
2025-07-19 02:40:06+00:00,140.0,356.26,129,265.0,162,2.762,6.034274680183442,1.01,92.2,9.12,271.0,,,,
2025-07-19 02:40:07+00:00,141.0,358.88,129,250.0,164,2.622,6.356470887363336,0.947,87.8,9.27,272.0,,,,
2025-07-19 02:40:08+00:00,142.0,361.25,129,227.0,164,2.37,7.032348804500702,0.856,83.6,9.76,277.0,,,,
2025-07-19 02:40:09+00:00,143.0,363.55,129,221.0,162,2.295,7.262164124909224,0.839,83.6,9.95,282.0,,,,
2025-07-19 02:40:10+00:00,144.0,365.7,129,208.0,162,2.146,7.766387076731905,0.794,81.8,10.3,289.0,,,,
2025-07-19 02:40:11+00:00,145.0,367.8,129,204.0,164,2.099,7.940289026520564,0.777,80.9,10.41,290.0,,,,
2025-07-19 02:40:12+00:00,146.0,369.85,129,199.0,164,2.053,8.118201006656925,0.751,78.6,10.47,288.0,,,,
2025-07-19 02:40:13+00:00,147.0,371.87,129,197.0,164,2.025,8.23045267489712,0.731,77.0,10.53,285.0,,,,
2025-07-19 02:40:14+00:00,148.0,373.89,129,195.0,164,2.015,8.271298593879239,0.728,76.6,10.52,286.0,,,,
2025-07-19 02:40:15+00:00,149.0,375.9,130,196.0,162,2.015,8.271298593879239,0.737,77.8,10.56,289.0,,,,
2025-07-19 02:40:16+00:00,150.0,378.13,129,222.0,160,2.23,7.473841554559042,0.825,83.6,10.12,287.0,,,,
2025-07-19 02:40:17+00:00,151.0,380.68,129,263.0,160,2.547,6.54364611961785,0.943,89.6,9.5,280.0,,,,
2025-07-19 02:40:18+00:00,152.0,383.41,129,283.0,160,2.734,6.0960741282614,1.025,94.7,9.24,279.0,,,,
2025-07-19 02:40:19+00:00,153.0,386.2,129,290.0,160,2.79,5.973715651135006,1.046,96.0,9.18,277.0,,,,
2025-07-19 02:40:20+00:00,154.0,389.0,129,292.0,160,2.799,5.954507562224604,1.049,96.1,9.16,277.0,,,,
2025-07-19 02:40:21+00:00,155.0,391.8,130,282.0,160,2.799,5.954507562224604,1.036,94.3,9.09,274.0,,,,
2025-07-19 02:40:22+00:00,156.0,394.62,129,276.0,162,2.818,5.914360066240833,1.043,94.8,9.08,273.0,,,,
2025-07-19 02:40:23+00:00,157.0,397.49,129,281.0,162,2.874,5.799118533982835,1.051,94.2,8.96,268.0,,,,
2025-07-19 02:40:24+00:00,158.0,400.38,130,281.0,166,2.883,5.7810151462596835,1.042,92.5,8.88,265.0,,,,
2025-07-19 02:40:25+00:00,159.0,403.31,130,288.0,166,2.93,5.688282138794084,1.058,93.2,8.81,264.0,,,,
2025-07-19 02:40:26+00:00,160.0,406.26,130,292.0,164,2.948,5.653550429669833,1.078,95.2,8.82,267.0,,,,
2025-07-19 02:40:27+00:00,161.0,409.2,130,289.0,164,2.948,5.653550429669833,1.078,95.2,8.82,267.0,,,,
2025-07-19 02:40:28+00:00,162.0,412.13,130,286.0,164,2.93,5.688282138794084,1.071,95.0,8.86,267.0,,,,
2025-07-19 02:40:29+00:00,163.0,415.05,130,282.0,164,2.911,5.725409366769724,1.065,94.5,8.87,268.0,,,,
2025-07-19 02:40:30+00:00,164.0,417.8,130,268.0,164,2.753,6.0540016951204745,1.007,92.1,9.14,271.0,,,,
2025-07-19 02:40:31+00:00,165.0,420.31,130,245.0,164,2.51,6.6401062416998675,0.918,87.6,9.54,277.0,,,,
2025-07-19 02:40:32+00:00,166.0,422.74,131,238.0,162,2.426,6.870019236053861,0.898,87.6,9.75,282.0,,,,
2025-07-19 02:40:33+00:00,167.0,425.17,131,239.0,164,2.435,6.844626967830253,0.901,87.7,9.73,282.0,,,,
2025-07-19 02:40:34+00:00,168.0,427.7,130,247.0,166,2.529,6.590220113351785,0.913,86.3,9.44,274.0,,,,
2025-07-19 02:40:35+00:00,169.0,430.36,130,266.0,166,2.659,6.268020559107434,0.961,88.5,9.21,271.0,,,,
2025-07-19 02:40:36+00:00,170.0,433.08,130,279.0,166,2.725,6.116207951070336,0.984,89.8,9.12,269.0,,,,
2025-07-19 02:40:37+00:00,171.0,435.85,131,287.0,164,2.771,6.014675808973896,1.013,92.3,9.1,271.0,,,,
2025-07-19 02:40:38+00:00,172.0,438.69,130,293.0,164,2.837,5.874750323111268,1.037,93.5,9.01,269.0,,,,
2025-07-19 02:40:39+00:00,173.0,441.59,131,296.0,164,2.902,5.743165632896853,1.061,94.4,8.89,268.0,,,,
2025-07-19 02:40:40+00:00,174.0,444.49,131,293.0,164,2.902,5.743165632896853,1.061,94.4,8.89,268.0,,,,
2025-07-19 02:40:41+00:00,175.0,447.36,131,286.0,164,2.865,5.817335660267597,1.047,93.8,8.95,269.0,,,,
2025-07-19 02:40:42+00:00,176.0,450.2,131,279.0,164,2.837,5.874750323111268,1.037,93.5,9.01,269.0,,,,
2025-07-19 02:40:43+00:00,177.0,453.03,130,280.0,162,2.837,5.874750323111268,1.05,95.0,9.04,273.0,,,,
2025-07-19 02:40:44+00:00,178.0,455.86,131,279.0,162,2.827,5.895531187359981,1.047,94.9,9.06,273.0,,,,
2025-07-19 02:40:45+00:00,179.0,458.69,131,279.0,166,2.837,5.874750323111268,1.037,93.5,9.01,269.0,,,,
2025-07-19 02:40:46+00:00,180.0,461.54,131,280.0,166,2.846,5.856172405715625,1.028,91.9,8.93,266.0,,,,
2025-07-19 02:40:47+00:00,181.0,464.32,131,273.0,166,2.781,5.993048064245475,1.005,90.6,9.02,268.0,,,,
2025-07-19 02:40:48+00:00,182.0,466.91,131,256.0,164,2.594,6.42508352608584,0.948,89.2,9.4,275.0,,,,
2025-07-19 02:40:49+00:00,183.0,469.43,132,249.0,164,2.519,6.61638216223369,0.921,87.7,9.52,277.0,,,,
2025-07-19 02:40:50+00:00,184.0,471.94,131,247.0,166,2.501,6.6640010662401705,0.914,87.5,9.57,277.0,,,,
2025-07-19 02:40:51+00:00,185.0,474.52,131,254.0,166,2.585,6.447453255963895,0.934,87.5,9.37,272.0,,,,
2025-07-19 02:40:52+00:00,186.0,477.17,131,263.0,166,2.65,6.289308176100629,0.957,88.4,9.23,271.0,,,,
2025-07-19 02:40:53+00:00,187.0,479.86,132,271.0,166,2.687,6.202704379109291,0.971,89.1,9.18,270.0,,,,
2025-07-19 02:40:54+00:00,188.0,482.57,131,278.0,164,2.715,6.1387354205033775,0.993,91.4,9.2,272.0,,,,
2025-07-19 02:40:55+00:00,189.0,485.32,131,278.0,166,2.743,6.076072426783328,1.003,91.6,9.13,272.0,,,,
2025-07-19 02:40:56+00:00,190.0,488.08,132,276.0,166,2.762,6.034274680183442,0.998,90.5,9.06,268.0,,,,
2025-07-19 02:40:57+00:00,191.0,490.84,131,275.0,166,2.762,6.034274680183442,0.998,90.5,9.06,268.0,,,,
2025-07-19 02:40:58+00:00,192.0,493.54,131,264.0,166,2.697,6.17970584600173,0.974,89.2,9.15,270.0,,,,
2025-07-19 02:40:59+00:00,193.0,496.12,132,254.0,166,2.585,6.447453255963895,0.934,87.5,9.37,272.0,,,,
2025-07-19 02:41:00+00:00,194.0,498.63,131,247.0,164,2.51,6.6401062416998675,0.918,87.6,9.54,277.0,,,,
2025-07-19 02:41:01+00:00,195.0,500.8,131,216.0,164,2.174,7.666360012266177,0.795,81.1,10.2,285.0,,,,
2025-07-19 02:41:02+00:00,196.0,502.89,132,208.0,164,2.09,7.974481658692185,0.764,79.4,10.39,287.0,,,,
2025-07-19 02:41:03+00:00,197.0,504.95,131,205.0,164,2.053,8.118201006656925,0.751,78.6,10.47,288.0,,,,
2025-07-19 02:41:04+00:00,198.0,507.0,131,204.0,164,2.053,8.118201006656925,0.741,77.4,10.43,285.0,,,,
2025-07-19 02:41:05+00:00,199.0,509.06,131,205.0,164,2.062,8.082767539605562,0.745,77.5,10.4,285.0,,,,
2025-07-19 02:41:06+00:00,200.0,511.12,131,205.0,164,2.062,8.082767539605562,0.754,78.8,10.44,288.0,,,,
2025-07-19 02:41:07+00:00,201.0,513.19,131,207.0,166,2.071,8.047642040882021,0.757,79.2,10.45,287.0,,,,
2025-07-19 02:41:08+00:00,202.0,515.27,131,207.0,166,2.071,8.047642040882021,0.748,77.9,10.41,284.0,,,,
2025-07-19 02:41:09+00:00,203.0,517.52,131,230.0,166,2.258,7.3811632713315625,0.816,81.4,9.98,280.0,,,,
2025-07-19 02:41:10+00:00,204.0,520.12,131,272.0,164,2.594,6.42508352608584,0.937,87.6,9.34,272.0,,,,
2025-07-19 02:41:11+00:00,205.0,523.04,130,306.0,162,2.921,5.705808513066302,1.068,95.0,8.89,267.0,,,,
2025-07-19 02:41:12+00:00,206.0,526.02,130,314.0,162,2.976,5.600358422939068,1.102,97.6,8.85,269.0,,,,
2025-07-19 02:41:13+00:00,207.0,528.96,130,313.0,164,2.948,5.653550429669833,1.092,97.0,8.88,270.0,,,,
2025-07-19 02:41:14+00:00,208.0,531.84,131,296.0,164,2.874,5.799118533982835,1.051,94.2,8.96,268.0,,,,
2025-07-19 02:41:15+00:00,209.0,534.61,131,271.0,164,2.771,6.014675808973896,1.001,90.6,9.04,268.0,,,,
2025-07-19 02:41:16+00:00,210.0,537.27,131,260.0,164,2.659,6.268020559107434,0.961,88.5,9.21,271.0,,,,
2025-07-19 02:41:17+00:00,211.0,539.91,131,259.0,164,2.641,6.310740880979426,0.966,90.0,9.31,274.0,,,,
2025-07-19 02:41:18+00:00,212.0,542.51,131,256.0,168,2.603,6.402868485081316,0.952,89.3,9.37,275.0,,,,
2025-07-19 02:41:19+00:00,213.0,545.04,130,247.0,168,2.529,6.590220113351785,0.903,84.8,9.39,271.0,,,,
2025-07-19 02:41:20+00:00,214.0,547.51,131,242.0,168,2.473,6.739452756436178,0.883,83.9,9.5,272.0,,,,
2025-07-19 02:41:21+00:00,215.0,549.97,131,240.0,168,2.454,6.791632708503124,0.876,83.4,9.51,273.0,,,,
2025-07-19 02:41:22+00:00,216.0,552.47,131,244.0,168,2.501,6.6640010662401705,0.893,84.2,9.42,272.0,,,,
2025-07-19 02:41:23+00:00,217.0,554.99,131,246.0,168,2.519,6.61638216223369,0.899,84.7,9.41,271.0,,,,
2025-07-19 02:41:24+00:00,218.0,557.64,131,266.0,168,2.65,6.289308176100629,0.946,86.9,9.18,268.0,,,,
2025-07-19 02:41:25+00:00,219.0,560.36,131,278.0,166,2.725,6.116207951070336,0.973,88.2,9.07,266.0,,,,
2025-07-19 02:41:26+00:00,220.0,563.14,131,284.0,166,2.771,6.014675808973896,1.001,90.6,9.04,268.0,,,,
2025-07-19 02:41:27+00:00,221.0,565.97,131,293.0,166,2.837,5.874750323111268,1.025,91.8,8.95,266.0,,,,
2025-07-19 02:41:28+00:00,222.0,568.89,131,300.0,164,2.921,5.705808513066302,1.068,95.0,8.89,267.0,,,,
2025-07-19 02:41:29+00:00,223.0,571.84,131,300.0,164,2.948,5.653550429669833,1.078,95.2,8.82,267.0,,,,
2025-07-19 02:41:30+00:00,224.0,574.75,131,293.0,164,2.911,5.725409366769724,1.065,94.5,8.87,268.0,,,,
2025-07-19 02:41:31+00:00,225.0,577.64,132,287.0,164,2.893,5.76103237700196,1.058,94.4,8.92,268.0,,,,
2025-07-19 02:41:32+00:00,226.0,580.54,131,285.0,164,2.902,5.743165632896853,1.061,94.4,8.89,268.0,,,,
2025-07-19 02:41:33+00:00,227.0,583.47,132,287.0,164,2.921,5.705808513066302,1.068,95.0,8.89,267.0,,,,
2025-07-19 02:41:34+00:00,228.0,586.4,132,290.0,162,2.939,5.670863105364637,1.075,95.1,8.84,267.0,,,,
2025-07-19 02:41:35+00:00,229.0,589.35,132,292.0,162,2.948,5.653550429669833,1.078,95.2,8.82,267.0,,,,
2025-07-19 02:41:36+00:00,230.0,592.29,132,291.0,162,2.939,5.670863105364637,1.075,95.1,8.84,267.0,,,,
2025-07-19 02:41:37+00:00,231.0,595.2,131,285.0,162,2.902,5.743165632896853,1.061,94.4,8.89,268.0,,,,
2025-07-19 02:41:38+00:00,232.0,598.07,132,283.0,162,2.874,5.799118533982835,1.051,94.2,8.96,268.0,,,,
2025-07-19 02:41:39+00:00,233.0,600.92,132,282.0,162,2.855,5.837711617046118,1.057,95.5,9.03,272.0,,,,
2025-07-19 02:41:40+00:00,234.0,603.76,132,280.0,162,2.837,5.874750323111268,1.05,95.0,9.04,273.0,,,,
2025-07-19 02:41:41+00:00,235.0,606.31,132,252.0,164,2.547,6.54364611961785,0.943,89.6,9.5,280.0,,,,
2025-07-19 02:41:42+00:00,236.0,608.43,133,212.0,164,2.127,7.8357624196834355,0.778,80.2,10.31,286.0,,,,
2025-07-19 02:41:43+00:00,237.0,610.48,133,204.0,166,2.043,8.157937673356175,0.738,77.3,10.46,285.0,,,,
2025-07-19 02:41:44+00:00,238.0,612.59,133,210.0,166,2.109,7.90263948158685,0.762,78.7,10.33,283.0,,,,
2025-07-19 02:41:45+00:00,239.0,614.71,133,212.0,164,2.127,7.8357624196834355,0.778,80.2,10.31,286.0,,,,
2025-07-19 02:41:46+00:00,240.0,616.83,133,212.0,166,2.118,7.869058860560277,0.774,80.1,10.34,286.0,,,,
2025-07-19 02:41:47+00:00,241.0,618.95,133,214.0,166,2.118,7.869058860560277,0.765,78.8,10.3,283.0,,,,
2025-07-19 02:41:48+00:00,242.0,621.07,133,212.0,166,2.118,7.869058860560277,0.765,78.8,10.3,283.0,,,,
2025-07-19 02:41:49+00:00,243.0,623.31,133,226.0,166,2.239,7.4437993151704624,0.809,81.2,10.03,280.0,,,,
2025-07-19 02:41:50+00:00,244.0,625.71,133,249.0,166,2.407,6.9242487190139865,0.87,84.0,9.66,277.0,,,,
2025-07-19 02:41:51+00:00,245.0,628.19,133,258.0,166,2.473,6.739452756436178,0.893,85.4,9.55,275.0,,,,
2025-07-19 02:41:52+00:00,246.0,631.04,133,300.0,164,2.855,5.837711617046118,1.031,92.0,8.91,266.0,,,,
2025-07-19 02:41:53+00:00,247.0,633.98,133,310.0,164,2.939,5.670863105364637,1.062,93.3,8.78,264.0,,,,
2025-07-19 02:41:54+00:00,248.0,636.92,133,311.0,164,2.939,5.670863105364637,1.062,93.3,8.78,264.0,,,,
2025-07-19 02:41:55+00:00,249.0,639.86,133,311.0,164,2.939,5.670863105364637,1.062,93.3,8.78,264.0,,,,
2025-07-19 02:41:56+00:00,250.0,642.84,134,298.0,164,2.976,5.600358422939068,1.075,93.9,8.73,263.0,,,,
2025-07-19 02:41:57+00:00,251.0,645.82,133,296.0,164,2.986,5.581603036392051,1.092,95.8,8.77,266.0,,,,
2025-07-19 02:41:58+00:00,252.0,648.82,133,297.0,166,2.995,5.564830272676683,1.095,95.9,8.75,266.0,,,,
2025-07-19 02:41:59+00:00,253.0,651.81,134,297.0,166,2.995,5.564830272676683,1.082,94.4,8.72,262.0,,,,
2025-07-19 02:42:00+00:00,254.0,654.79,134,292.0,166,2.976,5.600358422939068,1.075,93.9,8.73,263.0,,,,
2025-07-19 02:42:01+00:00,255.0,657.74,134,289.0,166,2.948,5.653550429669833,1.065,93.4,8.76,264.0,,,,
2025-07-19 02:42:02+00:00,256.0,660.66,134,286.0,164,2.921,5.705808513066302,1.055,93.2,8.83,264.0,,,,
2025-07-19 02:42:03+00:00,257.0,663.56,133,285.0,164,2.902,5.743165632896853,1.061,94.4,8.89,268.0,,,,
2025-07-19 02:42:04+00:00,258.0,666.47,134,286.0,164,2.911,5.725409366769724,1.065,94.5,8.87,268.0,,,,
2025-07-19 02:42:05+00:00,259.0,669.38,134,286.0,166,2.911,5.725409366769724,1.065,94.5,8.87,268.0,,,,
2025-07-19 02:42:06+00:00,260.0,672.27,134,283.0,166,2.893,5.76103237700196,1.045,92.6,8.86,265.0,,,,
2025-07-19 02:42:07+00:00,261.0,675.15,134,282.0,166,2.874,5.799118533982835,1.038,92.5,8.9,265.0,,,,
2025-07-19 02:42:08+00:00,262.0,678.03,134,284.0,164,2.883,5.7810151462596835,1.054,94.3,8.94,268.0,,,,
2025-07-19 02:42:09+00:00,263.0,680.93,134,285.0,164,2.893,5.76103237700196,1.058,94.4,8.92,268.0,,,,
2025-07-19 02:42:10+00:00,264.0,683.83,134,286.0,164,2.902,5.743165632896853,1.061,94.4,8.89,268.0,,,,
2025-07-19 02:42:11+00:00,265.0,686.75,135,290.0,164,2.921,5.705808513066302,1.068,95.0,8.89,267.0,,,,
2025-07-19 02:42:12+00:00,266.0,689.68,134,291.0,166,2.939,5.670863105364637,1.062,93.3,8.78,264.0,,,,
2025-07-19 02:42:13+00:00,267.0,692.63,135,292.0,166,2.948,5.653550429669833,1.065,93.4,8.76,264.0,,,,
2025-07-19 02:42:14+00:00,268.0,695.59,135,293.0,162,2.958,5.634437683119224,1.069,93.8,8.78,263.0,,,,
2025-07-19 02:42:15+00:00,269.0,698.53,135,290.0,162,2.939,5.670863105364637,1.075,95.1,8.84,267.0,,,,
2025-07-19 02:42:16+00:00,270.0,701.46,135,288.0,164,2.93,5.688282138794084,1.071,95.0,8.86,267.0,,,,
2025-07-19 02:42:17+00:00,271.0,704.37,134,286.0,164,2.911,5.725409366769724,1.065,94.5,8.87,268.0,,,,
2025-07-19 02:42:18+00:00,272.0,707.26,135,285.0,164,2.893,5.76103237700196,1.058,94.4,8.92,268.0,,,,
2025-07-19 02:42:19+00:00,273.0,710.15,135,284.0,164,2.883,5.7810151462596835,1.054,94.3,8.94,268.0,,,,
2025-07-19 02:42:20+00:00,274.0,713.03,135,284.0,162,2.883,5.7810151462596835,1.054,94.3,8.94,268.0,,,,
2025-07-19 02:42:21+00:00,275.0,715.9,135,283.0,162,2.874,5.799118533982835,1.051,94.2,8.96,268.0,,,,
2025-07-19 02:42:22+00:00,276.0,718.78,135,283.0,164,2.874,5.799118533982835,1.051,94.2,8.96,268.0,,,,
2025-07-19 02:42:23+00:00,277.0,721.64,135,282.0,164,2.865,5.817335660267597,1.047,93.8,8.95,269.0,,,,
2025-07-19 02:42:24+00:00,278.0,724.52,135,282.0,164,2.874,5.799118533982835,1.038,92.5,8.9,265.0,,,,
2025-07-19 02:42:25+00:00,279.0,727.4,135,283.0,162,2.883,5.7810151462596835,1.042,92.5,8.88,265.0,,,,
2025-07-19 02:42:26+00:00,280.0,730.28,135,285.0,162,2.883,5.7810151462596835,1.067,96.1,9.0,271.0,,,,
2025-07-19 02:42:27+00:00,281.0,733.18,136,287.0,164,2.893,5.76103237700196,1.071,96.2,8.98,271.0,,,,
2025-07-19 02:42:28+00:00,282.0,736.07,135,286.0,164,2.893,5.76103237700196,1.058,94.4,8.92,268.0,,,,
2025-07-19 02:42:29+00:00,283.0,738.96,135,285.0,164,2.893,5.76103237700196,1.058,94.4,8.92,268.0,,,,
2025-07-19 02:42:30+00:00,284.0,741.84,136,283.0,166,2.883,5.7810151462596835,1.042,92.5,8.88,265.0,,,,
2025-07-19 02:42:31+00:00,285.0,744.61,136,272.0,166,2.771,6.014675808973896,1.001,90.6,9.04,268.0,,,,
2025-07-19 02:42:32+00:00,286.0,747.27,136,261.0,166,2.659,6.268020559107434,0.961,88.5,9.21,271.0,,,,
2025-07-19 02:42:33+00:00,287.0,749.98,136,266.0,164,2.706,6.159152500615916,0.978,89.3,9.13,270.0,,,,
2025-07-19 02:42:34+00:00,288.0,752.71,137,269.0,164,2.734,6.0960741282614,1.0,91.6,9.15,272.0,,,,
2025-07-19 02:42:35+00:00,289.0,755.53,137,280.0,164,2.818,5.914360066240833,1.03,93.0,9.02,270.0,,,,
2025-07-19 02:42:36+00:00,290.0,758.41,137,293.0,162,2.874,5.799118533982835,1.051,94.2,8.96,268.0,,,,
2025-07-19 02:42:37+00:00,291.0,761.33,137,298.0,164,2.921,5.705808513066302,1.068,95.0,8.89,267.0,,,,
2025-07-19 02:42:38+00:00,292.0,764.22,137,293.0,164,2.893,5.76103237700196,1.058,94.4,8.92,268.0,,,,
2025-07-19 02:42:39+00:00,293.0,767.09,137,286.0,166,2.874,5.799118533982835,1.051,94.2,8.96,268.0,,,,
2025-07-19 02:42:40+00:00,294.0,769.95,137,280.0,166,2.855,5.837711617046118,1.031,92.0,8.91,266.0,,,,
2025-07-19 02:42:41+00:00,295.0,772.79,137,279.0,166,2.846,5.856172405715625,1.028,91.9,8.93,266.0,,,,
2025-07-19 02:42:42+00:00,296.0,775.63,137,278.0,166,2.837,5.874750323111268,1.025,91.8,8.95,266.0,,,,
2025-07-19 02:42:43+00:00,297.0,778.47,137,279.0,162,2.837,5.874750323111268,1.037,93.5,9.01,269.0,,,,
2025-07-19 02:42:44+00:00,298.0,781.3,137,278.0,162,2.827,5.895531187359981,1.034,93.1,9.0,270.0,,,,
2025-07-19 02:42:45+00:00,299.0,784.12,137,277.0,164,2.827,5.895531187359981,1.021,91.4,8.94,267.0,,,,
2025-07-19 02:42:46+00:00,300.0,786.97,137,280.0,164,2.846,5.856172405715625,1.028,91.9,8.93,266.0,,,,
2025-07-19 02:42:47+00:00,301.0,789.84,138,284.0,164,2.874,5.799118533982835,1.038,92.5,8.9,265.0,,,,
2025-07-19 02:42:48+00:00,302.0,792.73,138,287.0,162,2.893,5.76103237700196,1.045,92.6,8.86,265.0,,,,
2025-07-19 02:42:49+00:00,303.0,795.65,138,292.0,162,2.911,5.725409366769724,1.078,96.3,8.94,271.0,,,,
2025-07-19 02:42:50+00:00,304.0,798.57,138,292.0,162,2.921,5.705808513066302,1.081,96.4,8.91,271.0,,,,
2025-07-19 02:42:51+00:00,305.0,801.5,138,293.0,162,2.939,5.670863105364637,1.075,95.1,8.84,267.0,,,,
2025-07-19 02:42:52+00:00,306.0,804.44,138,292.0,164,2.939,5.670863105364637,1.075,95.1,8.84,267.0,,,,
2025-07-19 02:42:53+00:00,307.0,807.39,138,292.0,164,2.948,5.653550429669833,1.078,95.2,8.82,267.0,,,,
2025-07-19 02:42:54+00:00,308.0,810.34,138,291.0,162,2.948,5.653550429669833,1.078,95.2,8.82,267.0,,,,
2025-07-19 02:42:55+00:00,309.0,813.29,138,291.0,162,2.948,5.653550429669833,1.078,95.2,8.82,267.0,,,,
2025-07-19 02:42:56+00:00,310.0,816.24,139,291.0,164,2.948,5.653550429669833,1.078,95.2,8.82,267.0,,,,
2025-07-19 02:42:57+00:00,311.0,819.16,138,287.0,164,2.921,5.705808513066302,1.068,95.0,8.89,267.0,,,,
2025-07-19 02:42:58+00:00,312.0,822.06,138,284.0,164,2.902,5.743165632896853,1.048,92.7,8.84,265.0,,,,
2025-07-19 02:42:59+00:00,313.0,824.97,139,285.0,164,2.911,5.725409366769724,1.052,92.7,8.81,265.0,,,,
2025-07-19 02:43:00+00:00,314.0,827.89,138,288.0,162,2.921,5.705808513066302,1.081,96.4,8.91,271.0,,,,
2025-07-19 02:43:01+00:00,315.0,830.8,138,287.0,162,2.911,5.725409366769724,1.078,96.3,8.94,271.0,,,,
2025-07-19 02:43:02+00:00,316.0,833.69,139,283.0,164,2.883,5.7810151462596835,1.054,94.3,8.94,268.0,,,,
2025-07-19 02:43:03+00:00,317.0,836.51,138,277.0,164,2.827,5.895531187359981,1.034,93.1,9.0,270.0,,,,
2025-07-19 02:43:04+00:00,318.0,839.16,138,260.0,164,2.641,6.310740880979426,0.966,90.0,9.31,274.0,,,,
2025-07-19 02:43:05+00:00,319.0,841.69,139,250.0,160,2.538,6.566850538481744,0.939,89.5,9.53,280.0,,,,
2025-07-19 02:43:06+00:00,320.0,844.19,138,247.0,160,2.501,6.6640010662401705,0.926,88.8,9.59,281.0,,,,
2025-07-19 02:43:07+00:00,321.0,846.67,139,244.0,160,2.473,6.739452756436178,0.915,88.5,9.66,281.0,,,,
2025-07-19 02:43:08+00:00,322.0,849.2,139,249.0,160,2.529,6.590220113351785,0.936,89.4,9.55,280.0,,,,
2025-07-19 02:43:09+00:00,323.0,851.8,139,259.0,162,2.603,6.402868485081316,0.952,89.3,9.37,275.0,,,,
2025-07-19 02:43:10+00:00,324.0,854.5,139,275.0,164,2.706,6.159152500615916,0.989,90.9,9.19,273.0,,,,
2025-07-19 02:43:11+00:00,325.0,857.29,138,287.0,164,2.781,5.993048064245475,1.017,92.3,9.08,271.0,,,,
2025-07-19 02:43:12+00:00,326.0,860.14,139,295.0,164,2.855,5.837711617046118,1.044,93.7,8.97,269.0,,,,
2025-07-19 02:43:13+00:00,327.0,862.99,139,292.0,166,2.855,5.837711617046118,1.044,93.7,8.97,269.0,,,,
2025-07-19 02:43:14+00:00,328.0,865.86,139,287.0,166,2.865,5.817335660267597,1.035,92.0,8.89,266.0,,,,
2025-07-19 02:43:15+00:00,329.0,868.72,139,284.0,166,2.865,5.817335660267597,1.035,92.0,8.89,266.0,,,,
2025-07-19 02:43:16+00:00,330.0,871.65,139,288.0,166,2.921,5.705808513066302,1.055,93.2,8.83,264.0,,,,
2025-07-19 02:43:17+00:00,331.0,874.59,139,294.0,164,2.948,5.653550429669833,1.078,95.2,8.82,267.0,,,,
2025-07-19 02:43:18+00:00,332.0,877.53,139,292.0,164,2.939,5.670863105364637,1.075,95.1,8.84,267.0,,,,
2025-07-19 02:43:19+00:00,333.0,880.47,140,292.0,164,2.939,5.670863105364637,1.075,95.1,8.84,267.0,,,,
2025-07-19 02:43:20+00:00,334.0,883.4,140,288.0,164,2.93,5.688282138794084,1.071,95.0,8.86,267.0,,,,
2025-07-19 02:43:21+00:00,335.0,886.34,140,287.0,164,2.939,5.670863105364637,1.062,93.3,8.78,264.0,,,,
2025-07-19 02:43:22+00:00,336.0,889.29,140,288.0,162,2.948,5.653550429669833,1.065,93.4,8.76,264.0,,,,
2025-07-19 02:43:23+00:00,337.0,892.25,140,294.0,162,2.967,5.617346365576902,1.098,97.6,8.88,269.0,,,,
2025-07-19 02:43:24+00:00,338.0,895.22,140,294.0,164,2.967,5.617346365576902,1.098,97.6,8.88,269.0,,,,
2025-07-19 02:43:25+00:00,339.0,898.18,141,291.0,164,2.958,5.634437683119224,1.082,95.6,8.83,266.0,,,,
2025-07-19 02:43:26+00:00,340.0,901.14,141,290.0,164,2.958,5.634437683119224,1.069,93.8,8.78,263.0,,,,
2025-07-19 02:43:27+00:00,341.0,904.09,141,289.0,164,2.958,5.634437683119224,1.069,93.8,8.78,263.0,,,,
2025-07-19 02:43:28+00:00,342.0,907.05,140,291.0,162,2.958,5.634437683119224,1.082,95.6,8.83,266.0,,,,
2025-07-19 02:43:29+00:00,343.0,910.01,141,291.0,162,2.958,5.634437683119224,1.082,95.6,8.83,266.0,,,,
2025-07-19 02:43:30+00:00,344.0,912.94,141,288.0,164,2.93,5.688282138794084,1.071,95.0,8.86,267.0,,,,
2025-07-19 02:43:31+00:00,345.0,915.84,141,285.0,164,2.902,5.743165632896853,1.061,94.4,8.89,268.0,,,,
2025-07-19 02:43:32+00:00,346.0,918.72,141,282.0,164,2.874,5.799118533982835,1.038,92.5,8.9,265.0,,,,
2025-07-19 02:43:33+00:00,347.0,921.61,141,283.0,164,2.893,5.76103237700196,1.045,92.6,8.86,265.0,,,,
2025-07-19 02:43:34+00:00,348.0,924.51,141,286.0,162,2.902,5.743165632896853,1.074,96.3,8.96,271.0,,,,
2025-07-19 02:43:35+00:00,349.0,927.4,141,286.0,162,2.893,5.76103237700196,1.071,96.2,8.98,271.0,,,,
2025-07-19 02:43:36+00:00,350.0,930.29,141,284.0,162,2.883,5.7810151462596835,1.054,94.3,8.94,268.0,,,,
2025-07-19 02:43:37+00:00,351.0,933.16,141,283.0,162,2.874,5.799118533982835,1.051,94.2,8.96,268.0,,,,
2025-07-19 02:43:38+00:00,352.0,936.03,141,283.0,162,2.874,5.799118533982835,1.051,94.2,8.96,268.0,,,,
2025-07-19 02:43:39+00:00,353.0,938.92,141,284.0,162,2.883,5.7810151462596835,1.054,94.3,8.94,268.0,,,,
2025-07-19 02:43:40+00:00,354.0,941.81,141,286.0,162,2.893,5.76103237700196,1.071,96.2,8.98,271.0,,,,
2025-07-19 02:43:41+00:00,355.0,944.71,141,288.0,164,2.902,5.743165632896853,1.074,96.3,8.96,271.0,,,,
2025-07-19 02:43:42+00:00,356.0,947.6,141,286.0,164,2.893,5.76103237700196,1.058,94.4,8.92,268.0,,,,
2025-07-19 02:43:43+00:00,357.0,950.49,141,283.0,164,2.883,5.7810151462596835,1.042,92.5,8.88,265.0,,,,
2025-07-19 02:43:44+00:00,358.0,953.36,141,282.0,164,2.874,5.799118533982835,1.038,92.5,8.9,265.0,,,,
2025-07-19 02:43:45+00:00,359.0,956.22,142,282.0,160,2.855,5.837711617046118,1.057,95.5,9.03,272.0,,,,
2025-07-19 02:43:46+00:00,360.0,959.06,141,281.0,160,2.846,5.856172405715625,1.054,95.4,9.05,272.0,,,,
2025-07-19 02:43:47+00:00,361.0,961.75,141,266.0,160,2.687,6.202704379109291,0.995,92.5,9.29,276.0,,,,
2025-07-19 02:43:48+00:00,362.0,964.33,141,257.0,160,2.585,6.447453255963895,0.969,92.1,9.5,282.0,,,,
2025-07-19 02:43:49+00:00,363.0,966.96,140,260.0,160,2.622,6.356470887363336,0.983,92.9,9.45,281.0,,,,
2025-07-19 02:43:50+00:00,364.0,969.64,140,267.0,160,2.687,6.202704379109291,1.007,93.9,9.32,280.0,,,,
2025-07-19 02:43:51+00:00,365.0,972.37,140,271.0,162,2.725,6.116207951070336,1.009,93.2,9.24,275.0,,,,
2025-07-19 02:43:52+00:00,366.0,975.12,140,280.0,162,2.753,6.0540016951204745,1.019,93.5,9.17,275.0,,,,
2025-07-19 02:43:53+00:00,367.0,977.91,139,283.0,164,2.79,5.973715651135006,1.02,92.4,9.05,271.0,,,,
2025-07-19 02:43:54+00:00,368.0,980.74,139,285.0,164,2.827,5.895531187359981,1.034,93.1,9.0,270.0,,,,
2025-07-19 02:43:55+00:00,369.0,983.65,139,295.0,164,2.911,5.725409366769724,1.065,94.5,8.87,268.0,,,,
2025-07-19 02:43:56+00:00,370.0,986.6,140,300.0,164,2.948,5.653550429669833,1.078,95.2,8.82,267.0,,,,
2025-07-19 02:43:57+00:00,371.0,989.57,139,301.0,162,2.967,5.617346365576902,1.085,95.7,8.81,266.0,,,,
2025-07-19 02:43:58+00:00,372.0,992.53,139,299.0,162,2.967,5.617346365576902,1.085,95.7,8.81,266.0,,,,
2025-07-19 02:43:59+00:00,373.0,995.49,139,293.0,164,2.958,5.634437683119224,1.082,95.6,8.83,266.0,,,,
2025-07-19 02:44:00+00:00,374.0,998.44,140,288.0,164,2.948,5.653550429669833,1.065,93.4,8.76,264.0,,,,
2025-07-19 02:44:01+00:00,375.0,1001.39,139,288.0,164,2.948,5.653550429669833,1.065,93.4,8.76,264.0,,,,
2025-07-19 02:44:02+00:00,376.0,1004.34,139,289.0,162,2.948,5.653550429669833,1.092,97.0,8.88,270.0,,,,
2025-07-19 02:44:03+00:00,377.0,1007.29,140,290.0,162,2.958,5.634437683119224,1.095,97.1,8.86,270.0,,,,
2025-07-19 02:44:04+00:00,378.0,1010.25,140,290.0,162,2.958,5.634437683119224,1.095,97.1,8.86,270.0,,,,
2025-07-19 02:44:05+00:00,379.0,1013.2,140,288.0,162,2.948,5.653550429669833,1.078,95.2,8.82,267.0,,,,
2025-07-19 02:44:06+00:00,380.0,1016.14,139,287.0,162,2.939,5.670863105364637,1.075,95.1,8.84,267.0,,,,
2025-07-19 02:44:07+00:00,381.0,1019.07,140,286.0,162,2.93,5.688282138794084,1.071,95.0,8.86,267.0,,,,
2025-07-19 02:44:08+00:00,382.0,1021.98,140,285.0,162,2.911,5.725409366769724,1.078,96.3,8.94,271.0,,,,
2025-07-19 02:44:09+00:00,383.0,1024.89,139,285.0,162,2.911,5.725409366769724,1.078,96.3,8.94,271.0,,,,
2025-07-19 02:44:10+00:00,384.0,1027.8,140,284.0,162,2.911,5.725409366769724,1.065,94.5,8.87,268.0,,,,
2025-07-19 02:44:11+00:00,385.0,1030.72,140,285.0,162,2.921,5.705808513066302,1.068,95.0,8.89,267.0,,,,
2025-07-19 02:44:12+00:00,386.0,1033.64,140,286.0,164,2.921,5.705808513066302,1.068,95.0,8.89,267.0,,,,
2025-07-19 02:44:13+00:00,387.0,1036.55,140,284.0,162,2.911,5.725409366769724,1.065,94.5,8.87,268.0,,,,
2025-07-19 02:44:14+00:00,388.0,1039.46,140,284.0,162,2.902,5.743165632896853,1.074,96.3,8.96,271.0,,,,
2025-07-19 02:44:15+00:00,389.0,1042.35,140,283.0,164,2.893,5.76103237700196,1.071,96.2,8.98,271.0,,,,
2025-07-19 02:44:16+00:00,390.0,1045.23,140,282.0,168,2.883,5.7810151462596835,1.054,94.3,8.94,268.0,,,,
2025-07-19 02:44:17+00:00,391.0,1048.1,140,278.0,168,2.874,5.799118533982835,1.026,90.4,8.81,263.0,,,,
2025-07-19 02:44:18+00:00,392.0,1050.97,140,278.0,168,2.865,5.817335660267597,1.023,90.4,8.83,263.0,,,,
2025-07-19 02:44:19+00:00,393.0,1053.85,140,280.0,164,2.874,5.799118533982835,1.038,92.5,8.9,265.0,,,,
2025-07-19 02:44:20+00:00,394.0,1056.72,140,281.0,164,2.874,5.799118533982835,1.051,94.2,8.96,268.0,,,,
2025-07-19 02:44:21+00:00,395.0,1059.59,140,281.0,164,2.874,5.799118533982835,1.051,94.2,8.96,268.0,,,,
2025-07-19 02:44:22+00:00,396.0,1062.47,140,283.0,164,2.883,5.7810151462596835,1.054,94.3,8.94,268.0,,,,
2025-07-19 02:44:23+00:00,397.0,1065.36,140,281.0,164,2.883,5.7810151462596835,1.042,92.5,8.88,265.0,,,,
2025-07-19 02:44:24+00:00,398.0,1068.24,140,282.0,166,2.883,5.7810151462596835,1.042,92.5,8.88,265.0,,,,
2025-07-19 02:44:25+00:00,399.0,1071.13,140,283.0,166,2.893,5.76103237700196,1.045,92.6,8.86,265.0,,,,
2025-07-19 02:44:26+00:00,400.0,1074.02,140,283.0,166,2.893,5.76103237700196,1.045,92.6,8.86,265.0,,,,
2025-07-19 02:44:27+00:00,401.0,1076.92,140,283.0,166,2.893,5.76103237700196,1.045,92.6,8.86,265.0,,,,
2025-07-19 02:44:28+00:00,402.0,1079.81,140,283.0,166,2.893,5.76103237700196,1.045,92.6,8.86,265.0,,,,
2025-07-19 02:44:29+00:00,403.0,1082.7,140,282.0,166,2.893,5.76103237700196,1.045,92.6,8.86,265.0,,,,
2025-07-19 02:44:30+00:00,404.0,1085.59,140,282.0,166,2.883,5.7810151462596835,1.042,92.5,8.88,265.0,,,,
2025-07-19 02:44:31+00:00,405.0,1088.46,140,282.0,164,2.874,5.799118533982835,1.051,94.2,8.96,268.0,,,,
2025-07-19 02:44:32+00:00,406.0,1091.32,140,281.0,164,2.865,5.817335660267597,1.047,93.8,8.95,269.0,,,,
2025-07-19 02:44:33+00:00,407.0,1094.18,140,280.0,166,2.855,5.837711617046118,1.044,93.7,8.97,269.0,,,,
2025-07-19 02:44:34+00:00,408.0,1097.03,140,278.0,166,2.846,5.856172405715625,1.028,91.9,8.93,266.0,,,,
2025-07-19 02:44:35+00:00,409.0,1099.86,140,278.0,166,2.837,5.874750323111268,1.025,91.8,8.95,266.0,,,,
2025-07-19 02:44:36+00:00,410.0,1102.71,140,279.0,166,2.846,5.856172405715625,1.028,91.9,8.93,266.0,,,,
2025-07-19 02:44:37+00:00,411.0,1105.57,140,279.0,166,2.855,5.837711617046118,1.031,92.0,8.91,266.0,,,,
2025-07-19 02:44:38+00:00,412.0,1108.42,140,280.0,166,2.855,5.837711617046118,1.031,92.0,8.91,266.0,,,,
2025-07-19 02:44:39+00:00,413.0,1111.29,140,283.0,166,2.874,5.799118533982835,1.038,92.5,8.9,265.0,,,,
2025-07-19 02:44:40+00:00,414.0,1114.17,140,284.0,166,2.883,5.7810151462596835,1.042,92.5,8.88,265.0,,,,
2025-07-19 02:44:41+00:00,415.0,1117.07,140,284.0,168,2.893,5.76103237700196,1.033,90.9,8.8,262.0,,,,
2025-07-19 02:44:42+00:00,416.0,1119.95,140,283.0,166,2.883,5.7810151462596835,1.029,90.9,8.82,262.0,,,,
2025-07-19 02:44:43+00:00,417.0,1122.83,140,282.0,166,2.874,5.799118533982835,1.038,92.5,8.9,265.0,,,,
2025-07-19 02:44:44+00:00,418.0,1125.7,140,282.0,166,2.874,5.799118533982835,1.038,92.5,8.9,265.0,,,,
2025-07-19 02:44:45+00:00,419.0,1128.57,140,282.0,166,2.874,5.799118533982835,1.038,92.5,8.9,265.0,,,,
2025-07-19 02:44:46+00:00,420.0,1131.45,140,282.0,166,2.874,5.799118533982835,1.038,92.5,8.9,265.0,,,,
2025-07-19 02:44:47+00:00,421.0,1134.33,140,283.0,166,2.883,5.7810151462596835,1.042,92.5,8.88,265.0,,,,
2025-07-19 02:44:48+00:00,422.0,1137.22,140,286.0,164,2.893,5.76103237700196,1.058,94.4,8.92,268.0,,,,
2025-07-19 02:44:49+00:00,423.0,1140.12,140,286.0,164,2.893,5.76103237700196,1.058,94.4,8.92,268.0,,,,
2025-07-19 02:44:50+00:00,424.0,1143.0,140,284.0,166,2.883,5.7810151462596835,1.054,94.3,8.94,268.0,,,,
2025-07-19 02:44:51+00:00,425.0,1145.89,140,284.0,166,2.893,5.76103237700196,1.045,92.6,8.86,265.0,,,,
2025-07-19 02:44:52+00:00,426.0,1148.79,140,285.0,166,2.902,5.743165632896853,1.048,92.7,8.84,265.0,,,,
2025-07-19 02:44:53+00:00,427.0,1151.7,140,286.0,166,2.911,5.725409366769724,1.052,92.7,8.81,265.0,,,,
2025-07-19 02:44:54+00:00,428.0,1154.62,140,288.0,164,2.911,5.725409366769724,1.065,94.5,8.87,268.0,,,,
2025-07-19 02:44:55+00:00,429.0,1157.54,140,289.0,164,2.921,5.705808513066302,1.068,95.0,8.89,267.0,,,,
2025-07-19 02:44:56+00:00,430.0,1160.45,140,288.0,164,2.921,5.705808513066302,1.068,95.0,8.89,267.0,,,,
2025-07-19 02:44:57+00:00,431.0,1163.38,140,287.0,164,2.921,5.705808513066302,1.055,93.2,8.83,264.0,,,,
2025-07-19 02:44:58+00:00,432.0,1166.3,140,286.0,164,2.921,5.705808513066302,1.055,93.2,8.83,264.0,,,,
2025-07-19 02:44:59+00:00,433.0,1169.2,140,284.0,164,2.902,5.743165632896853,1.048,92.7,8.84,265.0,,,,
2025-07-19 02:45:00+00:00,434.0,1172.07,140,282.0,164,2.874,5.799118533982835,1.051,94.2,8.96,268.0,,,,
2025-07-19 02:45:01+00:00,435.0,1174.93,140,280.0,164,2.855,5.837711617046118,1.044,93.7,8.97,269.0,,,,
2025-07-19 02:45:02+00:00,436.0,1177.76,140,278.0,166,2.837,5.874750323111268,1.037,93.5,9.01,269.0,,,,
2025-07-19 02:45:03+00:00,437.0,1180.59,140,276.0,166,2.827,5.895531187359981,1.021,91.4,8.94,267.0,,,,
2025-07-19 02:45:04+00:00,438.0,1183.41,140,275.0,166,2.818,5.914360066240833,1.018,91.3,8.96,267.0,,,,
2025-07-19 02:45:05+00:00,439.0,1186.23,140,274.0,164,2.818,5.914360066240833,1.018,91.3,8.96,267.0,,,,
2025-07-19 02:45:06+00:00,440.0,1189.03,140,274.0,164,2.809,5.933309600094932,1.027,92.9,9.04,270.0,,,,
2025-07-19 02:45:07+00:00,441.0,1191.85,140,274.0,164,2.809,5.933309600094932,1.027,92.9,9.04,270.0,,,,
2025-07-19 02:45:08+00:00,442.0,1194.64,140,274.0,164,2.799,5.954507562224604,1.024,92.9,9.07,270.0,,,,
2025-07-19 02:45:09+00:00,443.0,1197.45,140,273.0,164,2.809,5.933309600094932,1.015,91.2,8.99,267.0,,,,
2025-07-19 02:45:10+00:00,444.0,1200.28,141,276.0,166,2.827,5.895531187359981,1.021,91.4,8.94,267.0,,,,
2025-07-19 02:45:11+00:00,445.0,1203.12,140,279.0,166,2.846,5.856172405715625,1.028,91.9,8.93,266.0,,,,
2025-07-19 02:45:12+00:00,446.0,1205.99,140,282.0,166,2.865,5.817335660267597,1.035,92.0,8.89,266.0,,,,
2025-07-19 02:45:13+00:00,447.0,1208.86,140,283.0,166,2.874,5.799118533982835,1.038,92.5,8.9,265.0,,,,
2025-07-19 02:45:14+00:00,448.0,1211.76,141,285.0,166,2.893,5.76103237700196,1.045,92.6,8.86,265.0,,,,
2025-07-19 02:45:15+00:00,449.0,1214.67,140,286.0,166,2.911,5.725409366769724,1.052,92.7,8.81,265.0,,,,
2025-07-19 02:45:16+00:00,450.0,1217.58,140,285.0,166,2.911,5.725409366769724,1.052,92.7,8.81,265.0,,,,
2025-07-19 02:45:17+00:00,451.0,1220.49,140,285.0,166,2.911,5.725409366769724,1.052,92.7,8.81,265.0,,,,
2025-07-19 02:45:18+00:00,452.0,1223.4,141,284.0,166,2.911,5.725409366769724,1.052,92.7,8.81,265.0,,,,
2025-07-19 02:45:19+00:00,453.0,1226.32,140,285.0,166,2.921,5.705808513066302,1.055,93.2,8.83,264.0,,,,
2025-07-19 02:45:20+00:00,454.0,1229.22,140,283.0,166,2.902,5.743165632896853,1.048,92.7,8.84,265.0,,,,
2025-07-19 02:45:21+00:00,455.0,1232.12,140,282.0,166,2.893,5.76103237700196,1.045,92.6,8.86,265.0,,,,
2025-07-19 02:45:22+00:00,456.0,1235.0,140,281.0,166,2.883,5.7810151462596835,1.042,92.5,8.88,265.0,,,,
2025-07-19 02:45:23+00:00,457.0,1237.87,141,280.0,166,2.874,5.799118533982835,1.038,92.5,8.9,265.0,,,,
2025-07-19 02:45:24+00:00,458.0,1240.74,140,279.0,166,2.865,5.817335660267597,1.035,92.0,8.89,266.0,,,,
2025-07-19 02:45:25+00:00,459.0,1243.6,140,279.0,168,2.865,5.817335660267597,1.035,92.0,8.89,266.0,,,,
2025-07-19 02:45:26+00:00,460.0,1246.46,140,278.0,168,2.855,5.837711617046118,1.019,90.3,8.85,263.0,,,,
2025-07-19 02:45:27+00:00,461.0,1249.3,141,277.0,168,2.846,5.856172405715625,1.016,90.2,8.88,263.0,,,,
2025-07-19 02:45:28+00:00,462.0,1252.15,141,279.0,164,2.846,5.856172405715625,1.041,93.6,8.99,269.0,,,,
2025-07-19 02:45:29+00:00,463.0,1255.0,141,279.0,164,2.846,5.856172405715625,1.041,93.6,8.99,269.0,,,,
2025-07-19 02:45:30+00:00,464.0,1257.84,142,279.0,164,2.846,5.856172405715625,1.041,93.6,8.99,269.0,,,,
2025-07-19 02:45:31+00:00,465.0,1260.69,142,281.0,164,2.855,5.837711617046118,1.044,93.7,8.97,269.0,,,,
2025-07-19 02:45:32+00:00,466.0,1263.57,142,282.0,164,2.874,5.799118533982835,1.038,92.5,8.9,265.0,,,,
2025-07-19 02:45:33+00:00,467.0,1266.45,142,284.0,166,2.883,5.7810151462596835,1.042,92.5,8.88,265.0,,,,
2025-07-19 02:45:34+00:00,468.0,1269.35,142,285.0,166,2.893,5.76103237700196,1.045,92.6,8.86,265.0,,,,
2025-07-19 02:45:35+00:00,469.0,1272.25,143,286.0,166,2.902,5.743165632896853,1.048,92.7,8.84,265.0,,,,
2025-07-19 02:45:36+00:00,470.0,1275.15,143,285.0,166,2.902,5.743165632896853,1.048,92.7,8.84,265.0,,,,
2025-07-19 02:45:37+00:00,471.0,1278.04,143,284.0,166,2.893,5.76103237700196,1.045,92.6,8.86,265.0,,,,
2025-07-19 02:45:38+00:00,472.0,1280.93,143,283.0,166,2.893,5.76103237700196,1.045,92.6,8.86,265.0,,,,
2025-07-19 02:45:39+00:00,473.0,1283.82,142,282.0,166,2.883,5.7810151462596835,1.042,92.5,8.88,265.0,,,,
2025-07-19 02:45:40+00:00,474.0,1286.7,143,282.0,166,2.883,5.7810151462596835,1.042,92.5,8.88,265.0,,,,
2025-07-19 02:45:41+00:00,475.0,1289.57,143,282.0,164,2.874,5.799118533982835,1.038,92.5,8.9,265.0,,,,
2025-07-19 02:45:42+00:00,476.0,1292.45,142,282.0,166,2.874,5.799118533982835,1.038,92.5,8.9,265.0,,,,
2025-07-19 02:45:43+00:00,477.0,1295.32,142,282.0,166,2.874,5.799118533982835,1.038,92.5,8.9,265.0,,,,
2025-07-19 02:45:44+00:00,478.0,1298.19,142,282.0,166,2.874,5.799118533982835,1.038,92.5,8.9,265.0,,,,
2025-07-19 02:45:45+00:00,479.0,1301.08,143,283.0,166,2.883,5.7810151462596835,1.042,92.5,8.88,265.0,,,,
2025-07-19 02:45:46+00:00,480.0,1303.96,142,283.0,164,2.883,5.7810151462596835,1.042,92.5,8.88,265.0,,,,
2025-07-19 02:45:47+00:00,481.0,1306.84,142,283.0,164,2.874,5.799118533982835,1.051,94.2,8.96,268.0,,,,
2025-07-19 02:45:48+00:00,482.0,1309.7,143,282.0,166,2.865,5.817335660267597,1.047,93.8,8.95,269.0,,,,
2025-07-19 02:45:49+00:00,483.0,1312.56,142,281.0,166,2.865,5.817335660267597,1.035,92.0,8.89,266.0,,,,
2025-07-19 02:45:50+00:00,484.0,1315.44,142,282.0,166,2.874,5.799118533982835,1.038,92.5,8.9,265.0,,,,
2025-07-19 02:45:51+00:00,485.0,1318.3,143,281.0,166,2.865,5.817335660267597,1.035,92.0,8.89,266.0,,,,
2025-07-19 02:45:52+00:00,486.0,1321.17,142,281.0,166,2.865,5.817335660267597,1.035,92.0,8.89,266.0,,,,
2025-07-19 02:45:53+00:00,487.0,1324.02,142,280.0,166,2.855,5.837711617046118,1.031,92.0,8.91,266.0,,,,
2025-07-19 02:45:54+00:00,488.0,1326.88,142,280.0,166,2.855,5.837711617046118,1.031,92.0,8.91,266.0,,,,
2025-07-19 02:45:55+00:00,489.0,1329.72,142,279.0,166,2.846,5.856172405715625,1.028,91.9,8.93,266.0,,,,
2025-07-19 02:45:56+00:00,490.0,1332.57,142,279.0,166,2.846,5.856172405715625,1.028,91.9,8.93,266.0,,,,
2025-07-19 02:45:57+00:00,491.0,1335.41,142,278.0,166,2.837,5.874750323111268,1.025,91.8,8.95,266.0,,,,
2025-07-19 02:45:58+00:00,492.0,1338.24,142,277.0,166,2.827,5.895531187359981,1.021,91.4,8.94,267.0,,,,
2025-07-19 02:45:59+00:00,493.0,1341.06,142,276.0,168,2.827,5.895531187359981,1.021,91.4,8.94,267.0,,,,
2025-07-19 02:46:00+00:00,494.0,1343.89,142,275.0,168,2.827,5.895531187359981,1.009,89.7,8.89,264.0,,,,
2025-07-19 02:46:21+00:00,515.0,1346.7,142,,164,2.809,5.933309600094932,1.027,92.9,9.04,270.0,,,,
2025-07-19 02:46:22+00:00,516.0,1349.5,142,275.0,164,2.809,5.933309600094932,1.027,92.9,9.04,270.0,,,,
2025-07-19 02:46:23+00:00,517.0,1352.31,142,275.0,164,2.809,5.933309600094932,1.027,92.9,9.04,270.0,,,,
2025-07-19 02:46:24+00:00,518.0,1355.12,142,275.0,166,2.809,5.933309600094932,1.015,91.2,8.99,267.0,,,,
2025-07-19 02:46:25+00:00,519.0,1357.93,142,275.0,166,2.809,5.933309600094932,1.015,91.2,8.99,267.0,,,,
2025-07-19 02:46:26+00:00,520.0,1360.74,142,275.0,166,2.809,5.933309600094932,1.015,91.2,8.99,267.0,,,,
2025-07-19 02:46:27+00:00,521.0,1363.55,142,275.0,166,2.809,5.933309600094932,1.015,91.2,8.99,267.0,,,,
2025-07-19 02:46:28+00:00,522.0,1366.36,142,275.0,166,2.809,5.933309600094932,1.015,91.2,8.99,267.0,,,,
2025-07-19 02:46:29+00:00,523.0,1369.16,142,275.0,166,2.809,5.933309600094932,1.015,91.2,8.99,267.0,,,,
2025-07-19 02:46:30+00:00,524.0,1371.97,142,275.0,166,2.809,5.933309600094932,1.015,91.2,8.99,267.0,,,,
2025-07-19 02:46:31+00:00,525.0,1374.78,142,275.0,166,2.809,5.933309600094932,1.015,91.2,8.99,267.0,,,,
2025-07-19 02:46:32+00:00,526.0,1377.59,142,275.0,166,2.809,5.933309600094932,1.015,91.2,8.99,267.0,,,,
2025-07-19 02:46:33+00:00,527.0,1380.4,143,275.0,166,2.809,5.933309600094932,1.015,91.2,8.99,267.0,,,,
2025-07-19 02:46:34+00:00,528.0,1383.21,143,275.0,166,2.809,5.933309600094932,1.015,91.2,8.99,267.0,,,,
2025-07-19 02:46:35+00:00,529.0,1386.02,143,275.0,166,2.809,5.933309600094932,1.015,91.2,8.99,267.0,,,,
2025-07-19 02:46:36+00:00,530.0,1388.82,142,275.0,166,2.809,5.933309600094932,1.015,91.2,8.99,267.0,,,,
2025-07-19 02:46:37+00:00,531.0,1391.63,143,275.0,166,2.809,5.933309600094932,1.015,91.2,8.99,267.0,,,,
2025-07-19 02:46:38+00:00,532.0,1394.44,143,275.0,166,2.809,5.933309600094932,1.015,91.2,8.99,267.0,,,,
2025-07-19 02:46:39+00:00,533.0,1397.25,143,275.0,166,2.809,5.933309600094932,1.015,91.2,8.99,267.0,,,,
2025-07-19 02:46:40+00:00,534.0,1400.06,143,275.0,166,2.809,5.933309600094932,1.015,91.2,8.99,267.0,,,,
2025-07-19 02:46:41+00:00,535.0,1402.87,143,275.0,166,2.809,5.933309600094932,1.015,91.2,8.99,267.0,,,,
2025-07-19 02:46:42+00:00,536.0,1405.67,143,276.0,166,2.809,5.933309600094932,1.015,91.2,8.99,267.0,,,,
2025-07-19 02:46:43+00:00,537.0,1408.48,143,276.0,166,2.809,5.933309600094932,1.015,91.2,8.99,267.0,,,,
2025-07-19 02:46:44+00:00,538.0,1411.29,143,276.0,166,2.809,5.933309600094932,1.015,91.2,8.99,267.0,,,,
2025-07-19 02:46:45+00:00,539.0,1414.1,143,276.0,166,2.809,5.933309600094932,1.015,91.2,8.99,267.0,,,,
2025-07-19 02:46:46+00:00,540.0,1416.91,144,276.0,166,2.809,5.933309600094932,1.015,91.2,8.99,267.0,,,,
2025-07-19 02:46:47+00:00,541.0,1419.72,143,276.0,166,2.809,5.933309600094932,1.015,91.2,8.99,267.0,,,,
2025-07-19 02:46:48+00:00,542.0,1422.53,143,276.0,166,2.809,5.933309600094932,1.015,91.2,8.99,267.0,,,,
2025-07-19 02:46:49+00:00,543.0,1425.33,144,276.0,166,2.809,5.933309600094932,1.015,91.2,8.99,267.0,,,,
2025-07-19 02:46:50+00:00,544.0,1428.15,144,276.0,166,2.809,5.933309600094932,1.015,91.2,8.99,267.0,,,,
2025-07-19 02:46:51+00:00,545.0,1430.95,144,276.0,168,2.809,5.933309600094932,1.015,91.2,8.99,267.0,,,,
2025-07-19 02:46:52+00:00,546.0,1433.76,144,275.0,168,2.809,5.933309600094932,1.003,89.6,8.93,264.0,,,,
2025-07-19 02:46:53+00:00,547.0,1436.57,144,275.0,168,2.809,5.933309600094932,1.003,89.6,8.93,264.0,,,,
2025-07-19 02:46:54+00:00,548.0,1439.38,145,275.0,168,2.809,5.933309600094932,1.003,89.6,8.93,264.0,,,,
2025-07-19 02:46:55+00:00,549.0,1442.19,145,275.0,168,2.809,5.933309600094932,1.003,89.6,8.93,264.0,,,,
2025-07-19 02:46:56+00:00,550.0,1444.99,145,275.0,168,2.809,5.933309600094932,1.003,89.6,8.93,264.0,,,,
2025-07-19 02:46:57+00:00,551.0,1447.8,145,274.0,168,2.809,5.933309600094932,1.003,89.6,8.93,264.0,,,,
2025-07-19 02:46:58+00:00,552.0,1450.61,145,274.0,168,2.809,5.933309600094932,1.003,89.6,8.93,264.0,,,,
2025-07-19 02:46:59+00:00,553.0,1453.42,145,273.0,168,2.809,5.933309600094932,1.003,89.6,8.93,264.0,,,,
2025-07-19 02:47:00+00:00,554.0,1456.23,145,274.0,166,2.809,5.933309600094932,1.015,91.2,8.99,267.0,,,,
2025-07-19 02:47:01+00:00,555.0,1459.05,145,275.0,164,2.818,5.914360066240833,1.03,93.0,9.02,270.0,,,,
2025-07-19 02:47:02+00:00,556.0,1461.87,145,275.0,164,2.818,5.914360066240833,1.03,93.0,9.02,270.0,,,,
2025-07-19 02:47:03+00:00,557.0,1464.67,145,273.0,166,2.809,5.933309600094932,1.027,92.9,9.04,270.0,,,,
2025-07-19 02:47:04+00:00,558.0,1467.48,145,272.0,166,2.809,5.933309600094932,1.015,91.2,8.99,267.0,,,,
2025-07-19 02:47:05+00:00,559.0,1470.29,145,272.0,166,2.809,5.933309600094932,1.015,91.2,8.99,267.0,,,,
2025-07-19 02:47:06+00:00,560.0,1473.11,145,272.0,166,2.818,5.914360066240833,1.018,91.3,8.96,267.0,,,,
2025-07-19 02:47:07+00:00,561.0,1475.93,145,275.0,164,2.827,5.895531187359981,1.034,93.1,9.0,270.0,,,,
2025-07-19 02:47:08+00:00,562.0,1478.76,145,275.0,164,2.827,5.895531187359981,1.034,93.1,9.0,270.0,,,,
2025-07-19 02:47:09+00:00,563.0,1481.58,145,274.0,168,2.818,5.914360066240833,1.03,93.0,9.02,270.0,,,,
2025-07-19 02:47:10+00:00,564.0,1484.4,145,271.0,168,2.818,5.914360066240833,1.006,89.7,8.91,264.0,,,,
2025-07-19 02:47:11+00:00,565.0,1487.22,145,271.0,168,2.818,5.914360066240833,1.006,89.7,8.91,264.0,,,,
2025-07-19 02:47:12+00:00,566.0,1490.05,146,272.0,168,2.827,5.895531187359981,1.009,89.7,8.89,264.0,,,,
2025-07-19 02:47:13+00:00,567.0,1492.89,145,276.0,166,2.846,5.856172405715625,1.028,91.9,8.93,266.0,,,,
2025-07-19 02:47:14+00:00,568.0,1495.73,146,276.0,166,2.846,5.856172405715625,1.028,91.9,8.93,266.0,,,,
2025-07-19 02:47:15+00:00,569.0,1498.58,146,277.0,166,2.846,5.856172405715625,1.028,91.9,8.93,266.0,,,,
2025-07-19 02:47:16+00:00,570.0,1501.43,146,276.0,166,2.846,5.856172405715625,1.028,91.9,8.93,266.0,,,,
2025-07-19 02:47:17+00:00,571.0,1504.28,146,277.0,166,2.855,5.837711617046118,1.031,92.0,8.91,266.0,,,,
2025-07-19 02:47:18+00:00,572.0,1507.14,146,277.0,166,2.855,5.837711617046118,1.031,92.0,8.91,266.0,,,,
2025-07-19 02:47:19+00:00,573.0,1510.0,146,278.0,166,2.865,5.817335660267597,1.035,92.0,8.89,266.0,,,,
2025-07-19 02:47:20+00:00,574.0,1512.86,146,277.0,166,2.855,5.837711617046118,1.031,92.0,8.91,266.0,,,,
2025-07-19 02:47:21+00:00,575.0,1515.71,146,277.0,166,2.855,5.837711617046118,1.031,92.0,8.91,266.0,,,,
2025-07-19 02:47:22+00:00,576.0,1518.56,146,276.0,166,2.846,5.856172405715625,1.028,91.9,8.93,266.0,,,,
2025-07-19 02:47:23+00:00,577.0,1521.4,146,276.0,166,2.846,5.856172405715625,1.028,91.9,8.93,266.0,,,,
2025-07-19 02:47:24+00:00,578.0,1524.25,146,277.0,164,2.846,5.856172405715625,1.041,93.6,8.99,269.0,,,,
2025-07-19 02:47:25+00:00,579.0,1527.11,147,277.0,166,2.855,5.837711617046118,1.031,92.0,8.91,266.0,,,,
2025-07-19 02:47:26+00:00,580.0,1529.96,146,278.0,166,2.855,5.837711617046118,1.031,92.0,8.91,266.0,,,,
2025-07-19 02:47:27+00:00,581.0,1532.81,146,278.0,166,2.855,5.837711617046118,1.031,92.0,8.91,266.0,,,,
2025-07-19 02:47:28+00:00,582.0,1535.67,147,278.0,166,2.855,5.837711617046118,1.031,92.0,8.91,266.0,,,,
2025-07-19 02:47:29+00:00,583.0,1538.52,146,277.0,166,2.846,5.856172405715625,1.028,91.9,8.93,266.0,,,,
2025-07-19 02:47:30+00:00,584.0,1541.36,146,277.0,166,2.846,5.856172405715625,1.028,91.9,8.93,266.0,,,,
2025-07-19 02:47:31+00:00,585.0,1544.21,147,277.0,166,2.846,5.856172405715625,1.028,91.9,8.93,266.0,,,,
2025-07-19 02:47:32+00:00,586.0,1547.06,147,278.0,166,2.846,5.856172405715625,1.028,91.9,8.93,266.0,,,,
2025-07-19 02:47:33+00:00,587.0,1549.9,147,278.0,166,2.846,5.856172405715625,1.028,91.9,8.93,266.0,,,,
2025-07-19 02:47:34+00:00,588.0,1552.75,147,278.0,166,2.846,5.856172405715625,1.028,91.9,8.93,266.0,,,,
2025-07-19 02:47:35+00:00,589.0,1555.59,146,278.0,166,2.846,5.856172405715625,1.028,91.9,8.93,266.0,,,,
2025-07-19 02:47:36+00:00,590.0,1558.44,147,278.0,166,2.846,5.856172405715625,1.028,91.9,8.93,266.0,,,,
2025-07-19 02:47:37+00:00,591.0,1561.28,147,277.0,166,2.837,5.874750323111268,1.025,91.8,8.95,266.0,,,,
2025-07-19 02:47:38+00:00,592.0,1564.11,147,278.0,166,2.837,5.874750323111268,1.025,91.8,8.95,266.0,,,,
2025-07-19 02:47:39+00:00,593.0,1566.95,147,278.0,166,2.837,5.874750323111268,1.025,91.8,8.95,266.0,,,,
2025-07-19 02:47:40+00:00,594.0,1569.78,147,278.0,166,2.837,5.874750323111268,1.025,91.8,8.95,266.0,,,,
2025-07-19 02:47:41+00:00,595.0,1572.61,147,277.0,166,2.827,5.895531187359981,1.021,91.4,8.94,267.0,,,,
2025-07-19 02:47:42+00:00,596.0,1575.44,147,277.0,166,2.827,5.895531187359981,1.021,91.4,8.94,267.0,,,,
2025-07-19 02:47:43+00:00,597.0,1578.26,147,277.0,166,2.827,5.895531187359981,1.021,91.4,8.94,267.0,,,,
2025-07-19 02:47:44+00:00,598.0,1581.1,147,278.0,166,2.837,5.874750323111268,1.025,91.8,8.95,266.0,,,,
2025-07-19 02:47:45+00:00,599.0,1583.94,147,279.0,166,2.837,5.874750323111268,1.025,91.8,8.95,266.0,,,,
2025-07-19 02:47:46+00:00,600.0,1586.77,147,279.0,166,2.837,5.874750323111268,1.025,91.8,8.95,266.0,,,,
2025-07-19 02:47:47+00:00,601.0,1589.62,147,280.0,166,2.846,5.856172405715625,1.028,91.9,8.93,266.0,,,,
2025-07-19 02:47:48+00:00,602.0,1592.47,147,281.0,164,2.846,5.856172405715625,1.041,93.6,8.99,269.0,,,,
2025-07-19 02:47:49+00:00,603.0,1595.31,147,281.0,164,2.846,5.856172405715625,1.041,93.6,8.99,269.0,,,,
2025-07-19 02:47:50+00:00,604.0,1598.15,147,279.0,166,2.837,5.874750323111268,1.037,93.5,9.01,269.0,,,,
2025-07-19 02:47:51+00:00,605.0,1600.98,147,277.0,166,2.827,5.895531187359981,1.021,91.4,8.94,267.0,,,,
2025-07-19 02:47:52+00:00,606.0,1603.79,147,276.0,166,2.818,5.914360066240833,1.018,91.3,8.96,267.0,,,,
2025-07-19 02:47:53+00:00,607.0,1606.61,147,276.0,166,2.818,5.914360066240833,1.018,91.3,8.96,267.0,,,,
2025-07-19 02:47:54+00:00,608.0,1609.44,147,278.0,164,2.827,5.895531187359981,1.034,93.1,9.0,270.0,,,,
2025-07-19 02:47:55+00:00,609.0,1612.25,147,277.0,166,2.809,5.933309600094932,1.027,92.9,9.04,270.0,,,,
2025-07-19 02:47:56+00:00,610.0,1615.05,146,275.0,168,2.799,5.954507562224604,1.011,91.1,9.01,267.0,,,,
2025-07-19 02:47:57+00:00,611.0,1617.84,146,272.0,168,2.79,5.973715651135006,0.996,89.1,8.94,265.0,,,,
2025-07-19 02:47:58+00:00,612.0,1620.64,146,273.0,168,2.799,5.954507562224604,0.999,89.5,8.95,264.0,,,,
2025-07-19 02:47:59+00:00,613.0,1623.43,147,273.0,168,2.799,5.954507562224604,0.999,89.5,8.95,264.0,,,,
2025-07-19 02:48:00+00:00,614.0,1626.24,146,276.0,164,2.809,5.933309600094932,1.027,92.9,9.04,270.0,,,,
2025-07-19 02:48:01+00:00,615.0,1629.05,146,276.0,166,2.809,5.933309600094932,1.027,92.9,9.04,270.0,,,,
2025-07-19 02:48:02+00:00,616.0,1631.86,146,274.0,166,2.809,5.933309600094932,1.015,91.2,8.99,267.0,,,,
2025-07-19 02:48:03+00:00,617.0,1634.66,146,272.0,166,2.799,5.954507562224604,1.011,91.1,9.01,267.0,,,,
2025-07-19 02:48:04+00:00,618.0,1637.46,145,272.0,164,2.799,5.954507562224604,1.011,91.1,9.01,267.0,,,,
2025-07-19 02:48:05+00:00,619.0,1640.25,146,271.0,166,2.79,5.973715651135006,1.008,91.1,9.03,267.0,,,,
2025-07-19 02:48:06+00:00,620.0,1643.03,146,270.0,166,2.781,5.993048064245475,1.005,90.6,9.02,268.0,,,,
2025-07-19 02:48:07+00:00,621.0,1645.81,146,270.0,168,2.781,5.993048064245475,1.005,90.6,9.02,268.0,,,,
2025-07-19 02:48:08+00:00,622.0,1648.59,146,269.0,168,2.781,5.993048064245475,0.993,89.0,8.96,265.0,,,,
2025-07-19 02:48:09+00:00,623.0,1651.37,146,269.0,168,2.781,5.993048064245475,0.993,89.0,8.96,265.0,,,,
2025-07-19 02:48:10+00:00,624.0,1654.15,146,269.0,168,2.781,5.993048064245475,0.993,89.0,8.96,265.0,,,,
2025-07-19 02:48:11+00:00,625.0,1656.94,146,270.0,168,2.79,5.973715651135006,0.996,89.1,8.94,265.0,,,,
2025-07-19 02:48:12+00:00,626.0,1659.73,146,270.0,168,2.79,5.973715651135006,0.996,89.1,8.94,265.0,,,,
2025-07-19 02:48:13+00:00,627.0,1662.53,147,272.0,166,2.799,5.954507562224604,0.999,89.5,8.95,264.0,,,,
2025-07-19 02:48:14+00:00,628.0,1665.33,146,273.0,166,2.799,5.954507562224604,1.011,91.1,9.01,267.0,,,,
2025-07-19 02:48:15+00:00,629.0,1668.13,146,272.0,166,2.799,5.954507562224604,1.011,91.1,9.01,267.0,,,,
2025-07-19 02:48:16+00:00,630.0,1670.93,147,272.0,164,2.799,5.954507562224604,1.011,91.1,9.01,267.0,,,,
2025-07-19 02:48:17+00:00,631.0,1673.73,147,273.0,164,2.799,5.954507562224604,1.024,92.9,9.07,270.0,,,,
2025-07-19 02:48:18+00:00,632.0,1676.53,147,273.0,164,2.799,5.954507562224604,1.024,92.9,9.07,270.0,,,,
2025-07-19 02:48:19+00:00,633.0,1679.32,147,272.0,166,2.79,5.973715651135006,1.02,92.4,9.05,271.0,,,,
2025-07-19 02:48:20+00:00,634.0,1682.11,147,271.0,166,2.79,5.973715651135006,1.008,91.1,9.03,267.0,,,,
2025-07-19 02:48:21+00:00,635.0,1684.9,147,271.0,166,2.79,5.973715651135006,1.008,91.1,9.03,267.0,,,,
2025-07-19 02:48:22+00:00,636.0,1687.69,147,271.0,166,2.79,5.973715651135006,1.008,91.1,9.03,267.0,,,,
2025-07-19 02:48:23+00:00,637.0,1690.48,147,274.0,164,2.799,5.954507562224604,1.024,92.9,9.07,270.0,,,,
2025-07-19 02:48:24+00:00,638.0,1693.28,147,274.0,164,2.799,5.954507562224604,1.024,92.9,9.07,270.0,,,,
2025-07-19 02:48:25+00:00,639.0,1696.07,147,272.0,164,2.79,5.973715651135006,1.008,91.1,9.03,267.0,,,,
2025-07-19 02:48:26+00:00,640.0,1698.87,147,272.0,164,2.79,5.973715651135006,1.008,91.1,9.03,267.0,,,,
2025-07-19 02:48:27+00:00,641.0,1701.65,147,272.0,166,2.79,5.973715651135006,1.008,91.1,9.03,267.0,,,,
2025-07-19 02:48:28+00:00,642.0,1704.45,147,273.0,166,2.799,5.954507562224604,1.011,91.1,9.01,267.0,,,,
2025-07-19 02:48:29+00:00,643.0,1707.25,147,274.0,166,2.799,5.954507562224604,1.011,91.1,9.01,267.0,,,,
2025-07-19 02:48:30+00:00,644.0,1710.05,147,274.0,166,2.799,5.954507562224604,1.011,91.1,9.01,267.0,,,,
2025-07-19 02:48:31+00:00,645.0,1712.85,147,274.0,166,2.799,5.954507562224604,1.011,91.1,9.01,267.0,,,,
2025-07-19 02:48:32+00:00,646.0,1715.65,147,274.0,166,2.799,5.954507562224604,1.011,91.1,9.01,267.0,,,,
2025-07-19 02:48:33+00:00,647.0,1718.45,147,274.0,166,2.799,5.954507562224604,1.011,91.1,9.01,267.0,,,,
2025-07-19 02:48:34+00:00,648.0,1721.25,147,274.0,166,2.799,5.954507562224604,1.011,91.1,9.01,267.0,,,,
2025-07-19 02:48:35+00:00,649.0,1724.05,147,274.0,166,2.799,5.954507562224604,1.011,91.1,9.01,267.0,,,,
2025-07-19 02:48:36+00:00,650.0,1726.85,147,274.0,166,2.799,5.954507562224604,1.011,91.1,9.01,267.0,,,,
2025-07-19 02:48:37+00:00,651.0,1729.65,147,274.0,166,2.799,5.954507562224604,1.011,91.1,9.01,267.0,,,,
2025-07-19 02:48:38+00:00,652.0,1732.44,148,274.0,166,2.799,5.954507562224604,1.011,91.1,9.01,267.0,,,,
2025-07-19 02:48:39+00:00,653.0,1735.24,147,274.0,166,2.799,5.954507562224604,1.011,91.1,9.01,267.0,,,,
2025-07-19 02:48:40+00:00,654.0,1738.03,147,274.0,166,2.79,5.973715651135006,1.008,91.1,9.03,267.0,,,,
2025-07-19 02:48:41+00:00,655.0,1740.82,148,274.0,166,2.79,5.973715651135006,1.008,91.1,9.03,267.0,,,,
2025-07-19 02:48:42+00:00,656.0,1743.59,148,272.0,166,2.771,6.014675808973896,1.001,90.6,9.04,268.0,,,,
2025-07-19 02:48:43+00:00,657.0,1746.38,148,273.0,166,2.781,5.993048064245475,1.005,90.6,9.02,268.0,,,,
2025-07-19 02:48:44+00:00,658.0,1749.16,148,273.0,166,2.781,5.993048064245475,1.005,90.6,9.02,268.0,,,,
2025-07-19 02:48:45+00:00,659.0,1751.94,148,273.0,166,2.781,5.993048064245475,1.005,90.6,9.02,268.0,,,,
2025-07-19 02:48:46+00:00,660.0,1754.63,148,265.0,164,2.687,6.202704379109291,0.983,90.8,9.23,273.0,,,,
2025-07-19 02:48:47+00:00,661.0,1757.24,148,258.0,164,2.613,6.378364587319811,0.955,89.4,9.35,275.0,,,,
2025-07-19 02:48:48+00:00,662.0,1759.78,148,252.0,166,2.547,6.54364611961785,0.931,88.4,9.48,276.0,,,,
2025-07-19 02:48:49+00:00,663.0,1762.29,149,246.0,166,2.501,6.6640010662401705,0.903,86.0,9.52,274.0,,,,
2025-07-19 02:48:50+00:00,664.0,1764.75,149,243.0,166,2.463,6.766815536608472,0.89,85.3,9.58,275.0,,,,
2025-07-19 02:48:51+00:00,665.0,1767.18,149,240.0,166,2.435,6.844626967830253,0.88,84.6,9.62,276.0,,,,
2025-07-19 02:48:52+00:00,666.0,1769.61,148,239.0,168,2.426,6.870019236053861,0.876,84.6,9.64,276.0,,,,
2025-07-19 02:48:53+00:00,667.0,1772.01,149,235.0,170,2.398,6.950236308034474,0.846,81.1,9.59,271.0,,,,
2025-07-19 02:48:54+00:00,668.0,1774.4,149,234.0,170,2.389,6.976419701409238,0.843,81.0,9.61,271.0,,,,
2025-07-19 02:48:55+00:00,669.0,1776.8,149,236.0,170,2.407,6.9242487190139865,0.849,81.2,9.56,271.0,,,,
2025-07-19 02:48:56+00:00,670.0,1779.23,149,238.0,168,2.426,6.870019236053861,0.866,83.1,9.59,273.0,,,,
2025-07-19 02:48:57+00:00,671.0,1781.68,148,241.0,166,2.445,6.81663258350375,0.873,83.3,9.54,273.0,,,,
2025-07-19 02:48:58+00:00,672.0,1784.13,148,243.0,166,2.454,6.791632708503124,0.886,85.2,9.6,275.0,,,,
2025-07-19 02:48:59+00:00,673.0,1786.63,148,247.0,166,2.501,6.6640010662401705,0.903,86.0,9.52,274.0,,,,
2025-07-19 02:49:00+00:00,674.0,1789.28,148,266.0,166,2.65,6.289308176100629,0.957,88.4,9.23,271.0,,,,
2025-07-19 02:49:01+00:00,675.0,1792.01,148,276.0,166,2.734,6.0960741282614,0.988,89.9,9.1,269.0,,,,
2025-07-19 02:49:02+00:00,676.0,1794.76,148,276.0,166,2.743,6.076072426783328,0.991,90.0,9.07,269.0,,,,
2025-07-19 02:49:03+00:00,677.0,1797.5,149,274.0,164,2.743,6.076072426783328,1.003,91.6,9.13,272.0,,,,
2025-07-19 02:49:04+00:00,678.0,1800.25,148,268.0,164,2.753,6.0540016951204745,1.007,92.1,9.14,271.0,,,,
2025-07-19 02:49:05+00:00,679.0,1803.01,148,265.0,166,2.762,6.034274680183442,1.01,92.2,9.12,271.0,,,,
2025-07-19 02:49:06+00:00,680.0,1805.77,148,263.0,166,2.762,6.034274680183442,0.998,90.5,9.06,268.0,,,,
2025-07-19 02:49:07+00:00,681.0,1808.54,149,263.0,166,2.762,6.034274680183442,0.998,90.5,9.06,268.0,,,,
2025-07-19 02:49:08+00:00,682.0,1811.31,148,263.0,166,2.771,6.014675808973896,1.001,90.6,9.04,268.0,,,,
2025-07-19 02:49:09+00:00,683.0,1814.09,148,264.0,166,2.781,5.993048064245475,1.005,90.6,9.02,268.0,,,,
2025-07-19 02:49:10+00:00,684.0,1816.87,148,264.0,166,2.781,5.993048064245475,1.005,90.6,9.02,268.0,,,,
2025-07-19 02:49:11+00:00,685.0,1819.65,149,264.0,166,2.781,5.993048064245475,1.005,90.6,9.02,268.0,,,,
2025-07-19 02:49:12+00:00,686.0,1822.44,148,265.0,166,2.79,5.973715651135006,1.008,91.1,9.03,267.0,,,,
2025-07-19 02:49:13+00:00,687.0,1825.24,148,266.0,166,2.799,5.954507562224604,1.011,91.1,9.01,267.0,,,,
2025-07-19 02:49:14+00:00,688.0,1828.07,149,269.0,166,2.827,5.895531187359981,1.021,91.4,8.94,267.0,,,,
2025-07-19 02:49:15+00:00,689.0,1830.93,148,274.0,166,2.865,5.817335660267597,1.035,92.0,8.89,266.0,,,,
2025-07-19 02:49:16+00:00,690.0,1833.79,149,273.0,168,2.855,5.837711617046118,1.031,92.0,8.91,266.0,,,,
2025-07-19 02:49:17+00:00,691.0,1836.63,149,270.0,168,2.846,5.856172405715625,1.016,90.2,8.88,263.0,,,,
2025-07-19 02:49:18+00:00,692.0,1839.48,149,269.0,168,2.846,5.856172405715625,1.016,90.2,8.88,263.0,,,,
2025-07-19 02:49:19+00:00,693.0,1842.33,148,269.0,168,2.855,5.837711617046118,1.019,90.3,8.85,263.0,,,,
2025-07-19 02:49:20+00:00,694.0,1845.19,149,271.0,166,2.855,5.837711617046118,1.031,92.0,8.91,266.0,,,,
2025-07-19 02:49:21+00:00,695.0,1848.04,149,270.0,166,2.846,5.856172405715625,1.028,91.9,8.93,266.0,,,,
2025-07-19 02:49:22+00:00,696.0,1850.88,149,271.0,166,2.846,5.856172405715625,1.028,91.9,8.93,266.0,,,,
2025-07-19 02:49:23+00:00,697.0,1853.72,149,271.0,166,2.837,5.874750323111268,1.025,91.8,8.95,266.0,,,,
2025-07-19 02:49:24+00:00,698.0,1856.54,149,270.0,166,2.827,5.895531187359981,1.021,91.4,8.94,267.0,,,,
2025-07-19 02:49:25+00:00,699.0,1859.37,149,271.0,166,2.827,5.895531187359981,1.021,91.4,8.94,267.0,,,,
2025-07-19 02:49:26+00:00,700.0,1862.19,149,270.0,166,2.818,5.914360066240833,1.018,91.3,8.96,267.0,,,,
2025-07-19 02:49:27+00:00,701.0,1865.01,149,271.0,166,2.818,5.914360066240833,1.018,91.3,8.96,267.0,,,,
2025-07-19 02:49:28+00:00,702.0,1867.84,149,274.0,166,2.837,5.874750323111268,1.025,91.8,8.95,266.0,,,,
2025-07-19 02:49:29+00:00,703.0,1870.7,149,277.0,166,2.855,5.837711617046118,1.031,92.0,8.91,266.0,,,,
2025-07-19 02:49:30+00:00,704.0,1873.57,149,281.0,166,2.874,5.799118533982835,1.038,92.5,8.9,265.0,,,,
2025-07-19 02:49:31+00:00,705.0,1876.45,150,282.0,166,2.883,5.7810151462596835,1.042,92.5,8.88,265.0,,,,
2025-07-19 02:49:32+00:00,706.0,1879.36,149,284.0,166,2.902,5.743165632896853,1.048,92.7,8.84,265.0,,,,
2025-07-19 02:49:33+00:00,707.0,1882.26,150,284.0,166,2.902,5.743165632896853,1.048,92.7,8.84,265.0,,,,
2025-07-19 02:49:34+00:00,708.0,1885.16,150,283.0,166,2.902,5.743165632896853,1.048,92.7,8.84,265.0,,,,
2025-07-19 02:49:35+00:00,709.0,1888.06,150,283.0,166,2.902,5.743165632896853,1.048,92.7,8.84,265.0,,,,
2025-07-19 02:49:36+00:00,710.0,1890.96,150,283.0,166,2.902,5.743165632896853,1.048,92.7,8.84,265.0,,,,
2025-07-19 02:49:37+00:00,711.0,1893.85,149,280.0,168,2.883,5.7810151462596835,1.029,90.9,8.82,262.0,,,,
2025-07-19 02:49:38+00:00,712.0,1896.73,149,280.0,168,2.883,5.7810151462596835,1.029,90.9,8.82,262.0,,,,
2025-07-19 02:49:39+00:00,713.0,1899.63,149,281.0,168,2.893,5.76103237700196,1.033,90.9,8.8,262.0,,,,
2025-07-19 02:49:40+00:00,714.0,1902.51,149,281.0,168,2.883,5.7810151462596835,1.029,90.9,8.82,262.0,,,,
2025-07-19 02:49:41+00:00,715.0,1905.33,149,276.0,168,2.827,5.895531187359981,1.009,89.7,8.89,264.0,,,,
2025-07-19 02:49:42+00:00,716.0,1908.13,150,273.0,168,2.799,5.954507562224604,0.999,89.5,8.95,264.0,,,,
2025-07-19 02:49:43+00:00,717.0,1910.91,150,272.0,168,2.781,5.993048064245475,0.993,89.0,8.96,265.0,,,,
2025-07-19 02:49:44+00:00,718.0,1913.71,150,273.0,166,2.79,5.973715651135006,0.996,89.1,8.94,265.0,,,,
2025-07-19 02:49:45+00:00,719.0,1916.5,150,275.0,166,2.799,5.954507562224604,1.011,91.1,9.01,267.0,,,,
2025-07-19 02:49:46+00:00,720.0,1919.31,150,276.0,166,2.809,5.933309600094932,1.015,91.2,8.99,267.0,,,,
2025-07-19 02:49:47+00:00,721.0,1922.12,150,277.0,166,2.809,5.933309600094932,1.015,91.2,8.99,267.0,,,,
2025-07-19 02:49:48+00:00,722.0,1924.93,150,276.0,166,2.809,5.933309600094932,1.015,91.2,8.99,267.0,,,,
2025-07-19 02:49:49+00:00,723.0,1927.74,150,276.0,166,2.809,5.933309600094932,1.015,91.2,8.99,267.0,,,,
2025-07-19 02:49:50+00:00,724.0,1930.55,150,275.0,166,2.809,5.933309600094932,1.015,91.2,8.99,267.0,,,,
2025-07-19 02:49:51+00:00,725.0,1933.36,150,275.0,166,2.809,5.933309600094932,1.015,91.2,8.99,267.0,,,,
2025-07-19 02:49:52+00:00,726.0,1936.15,150,275.0,166,2.799,5.954507562224604,1.011,91.1,9.01,267.0,,,,
2025-07-19 02:49:53+00:00,727.0,1938.95,150,274.0,168,2.799,5.954507562224604,0.999,89.5,8.95,264.0,,,,
2025-07-19 02:49:54+00:00,728.0,1941.75,150,274.0,168,2.799,5.954507562224604,0.999,89.5,8.95,264.0,,,,
2025-07-19 02:49:55+00:00,729.0,1944.55,150,275.0,166,2.799,5.954507562224604,1.011,91.1,9.01,267.0,,,,
2025-07-19 02:49:56+00:00,730.0,1947.35,151,275.0,168,2.799,5.954507562224604,1.011,91.1,9.01,267.0,,,,
2025-07-19 02:49:57+00:00,731.0,1950.15,150,273.0,168,2.799,5.954507562224604,0.999,89.5,8.95,264.0,,,,
2025-07-19 02:49:58+00:00,732.0,1952.95,150,273.0,168,2.799,5.954507562224604,0.999,89.5,8.95,264.0,,,,
2025-07-19 02:49:59+00:00,733.0,1955.75,150,273.0,168,2.799,5.954507562224604,0.999,89.5,8.95,264.0,,,,
2025-07-19 02:50:00+00:00,734.0,1958.56,151,273.0,168,2.809,5.933309600094932,1.003,89.6,8.93,264.0,,,,
2025-07-19 02:50:01+00:00,735.0,1961.37,150,273.0,168,2.809,5.933309600094932,1.003,89.6,8.93,264.0,,,,
2025-07-19 02:50:02+00:00,736.0,1964.17,150,273.0,168,2.809,5.933309600094932,1.003,89.6,8.93,264.0,,,,
2025-07-19 02:50:03+00:00,737.0,1966.98,151,272.0,168,2.809,5.933309600094932,1.003,89.6,8.93,264.0,,,,
2025-07-19 02:50:04+00:00,738.0,1969.79,150,272.0,168,2.809,5.933309600094932,1.003,89.6,8.93,264.0,,,,
2025-07-19 02:50:05+00:00,739.0,1972.61,150,273.0,168,2.818,5.914360066240833,1.006,89.7,8.91,264.0,,,,
2025-07-19 02:50:06+00:00,740.0,1975.44,151,275.0,168,2.837,5.874750323111268,1.013,89.8,8.86,264.0,,,,
2025-07-19 02:50:07+00:00,741.0,1978.3,151,279.0,166,2.855,5.837711617046118,1.031,92.0,8.91,266.0,,,,
2025-07-19 02:50:08+00:00,742.0,1981.15,151,278.0,166,2.846,5.856172405715625,1.028,91.9,8.93,266.0,,,,
2025-07-19 02:50:09+00:00,743.0,1983.99,151,277.0,166,2.846,5.856172405715625,1.028,91.9,8.93,266.0,,,,
2025-07-19 02:50:10+00:00,744.0,1986.83,151,275.0,166,2.837,5.874750323111268,1.025,91.8,8.95,266.0,,,,
2025-07-19 02:50:11+00:00,745.0,1989.66,151,275.0,166,2.837,5.874750323111268,1.025,91.8,8.95,266.0,,,,
2025-07-19 02:50:12+00:00,746.0,1992.51,151,276.0,164,2.846,5.856172405715625,1.028,91.9,8.93,266.0,,,,
2025-07-19 02:50:13+00:00,747.0,1995.36,151,277.0,164,2.846,5.856172405715625,1.041,93.6,8.99,269.0,,,,
2025-07-19 02:50:14+00:00,748.0,1998.2,151,277.0,166,2.846,5.856172405715625,1.041,93.6,8.99,269.0,,,,
2025-07-19 02:50:15+00:00,749.0,2001.05,151,276.0,166,2.846,5.856172405715625,1.028,91.9,8.93,266.0,,,,
2025-07-19 02:50:16+00:00,750.0,2003.89,151,275.0,166,2.846,5.856172405715625,1.028,91.9,8.93,266.0,,,,
2025-07-19 02:50:17+00:00,751.0,2006.73,151,275.0,166,2.837,5.874750323111268,1.025,91.8,8.95,266.0,,,,
2025-07-19 02:50:18+00:00,752.0,2009.57,151,275.0,166,2.837,5.874750323111268,1.025,91.8,8.95,266.0,,,,
2025-07-19 02:50:19+00:00,753.0,2012.36,151,270.0,166,2.79,5.973715651135006,1.008,91.1,9.03,267.0,,,,
2025-07-19 02:50:20+00:00,754.0,2015.05,151,261.0,166,2.687,6.202704379109291,0.971,89.1,9.18,270.0,,,,
2025-07-19 02:50:21+00:00,755.0,2017.66,151,254.0,166,2.613,6.378364587319811,0.944,87.8,9.29,272.0,,,,
2025-07-19 02:50:22+00:00,756.0,2020.32,151,258.0,166,2.659,6.268020559107434,0.961,88.5,9.21,271.0,,,,
2025-07-19 02:50:23+00:00,757.0,2023.01,151,262.0,166,2.697,6.17970584600173,0.974,89.2,9.15,270.0,,,,
2025-07-19 02:50:24+00:00,758.0,2025.74,151,267.0,166,2.725,6.116207951070336,0.984,89.8,9.12,269.0,,,,
2025-07-19 02:50:25+00:00,759.0,2028.48,151,273.0,166,2.743,6.076072426783328,0.991,90.0,9.07,269.0,,,,
2025-07-19 02:50:26+00:00,760.0,2031.23,151,271.0,166,2.743,6.076072426783328,0.991,90.0,9.07,269.0,,,,
2025-07-19 02:50:27+00:00,761.0,2033.98,152,271.0,166,2.753,6.0540016951204745,0.994,90.4,9.09,268.0,,,,
2025-07-19 02:50:28+00:00,762.0,2036.74,152,271.0,166,2.762,6.034274680183442,0.998,90.5,9.06,268.0,,,,
2025-07-19 02:50:29+00:00,763.0,2039.52,152,273.0,166,2.781,5.993048064245475,1.005,90.6,9.02,268.0,,,,
2025-07-19 02:50:30+00:00,764.0,2042.31,152,275.0,166,2.79,5.973715651135006,1.008,91.1,9.03,267.0,,,,
2025-07-19 02:50:31+00:00,765.0,2045.1,151,275.0,168,2.79,5.973715651135006,1.008,91.1,9.03,267.0,,,,
2025-07-19 02:50:32+00:00,766.0,2047.89,152,273.0,168,2.79,5.973715651135006,0.996,89.1,8.94,265.0,,,,
2025-07-19 02:50:33+00:00,767.0,2050.68,152,272.0,168,2.79,5.973715651135006,0.996,89.1,8.94,265.0,,,,
2025-07-19 02:50:34+00:00,768.0,2053.48,152,274.0,166,2.799,5.954507562224604,1.011,91.1,9.01,267.0,,,,
2025-07-19 02:50:35+00:00,769.0,2056.28,152,274.0,166,2.799,5.954507562224604,1.011,91.1,9.01,267.0,,,,
2025-07-19 02:50:36+00:00,770.0,2059.09,152,276.0,166,2.809,5.933309600094932,1.015,91.2,8.99,267.0,,,,
2025-07-19 02:50:37+00:00,771.0,2061.9,152,276.0,166,2.809,5.933309600094932,1.015,91.2,8.99,267.0,,,,
2025-07-19 02:50:38+00:00,772.0,2064.69,152,274.0,166,2.799,5.954507562224604,1.011,91.1,9.01,267.0,,,,
2025-07-19 02:50:39+00:00,773.0,2067.49,152,274.0,166,2.799,5.954507562224604,1.011,91.1,9.01,267.0,,,,
2025-07-19 02:50:40+00:00,774.0,2070.29,152,274.0,168,2.799,5.954507562224604,0.999,89.5,8.95,264.0,,,,
2025-07-19 02:50:41+00:00,775.0,2073.09,152,274.0,168,2.799,5.954507562224604,0.999,89.5,8.95,264.0,,,,
2025-07-19 02:50:42+00:00,776.0,2075.89,152,274.0,168,2.799,5.954507562224604,0.999,89.5,8.95,264.0,,,,
2025-07-19 02:50:43+00:00,777.0,2078.69,152,274.0,168,2.799,5.954507562224604,0.999,89.5,8.95,264.0,,,,
2025-07-19 02:50:44+00:00,778.0,2081.49,152,274.0,168,2.799,5.954507562224604,0.999,89.5,8.95,264.0,,,,
2025-07-19 02:50:45+00:00,779.0,2084.3,152,275.0,168,2.809,5.933309600094932,1.003,89.6,8.93,264.0,,,,
2025-07-19 02:50:46+00:00,780.0,2087.1,152,275.0,166,2.799,5.954507562224604,1.011,91.1,9.01,267.0,,,,
2025-07-19 02:50:47+00:00,781.0,2089.89,152,274.0,164,2.79,5.973715651135006,1.008,91.1,9.03,267.0,,,,
2025-07-19 02:50:48+00:00,782.0,2092.67,153,273.0,164,2.781,5.993048064245475,1.017,92.3,9.08,271.0,,,,
2025-07-19 02:50:49+00:00,783.0,2095.44,152,273.0,168,2.771,6.014675808973896,1.013,92.3,9.1,271.0,,,,
2025-07-19 02:50:50+00:00,784.0,2098.21,152,271.0,168,2.771,6.014675808973896,0.989,88.9,8.99,265.0,,,,
2025-07-19 02:50:51+00:00,785.0,2100.98,153,270.0,168,2.771,6.014675808973896,0.989,88.9,8.99,265.0,,,,
2025-07-19 02:50:52+00:00,786.0,2103.76,152,271.0,168,2.781,5.993048064245475,0.993,89.0,8.96,265.0,,,,
2025-07-19 02:50:53+00:00,787.0,2106.55,152,273.0,166,2.79,5.973715651135006,0.996,89.1,8.94,265.0,,,,
2025-07-19 02:50:54+00:00,788.0,2109.34,153,274.0,166,2.79,5.973715651135006,1.008,91.1,9.03,267.0,,,,
2025-07-19 02:50:55+00:00,789.0,2112.11,152,271.0,166,2.771,6.014675808973896,1.001,90.6,9.04,268.0,,,,
2025-07-19 02:50:56+00:00,790.0,2114.87,152,270.0,166,2.753,6.0540016951204745,0.994,90.4,9.09,268.0,,,,
2025-07-19 02:50:57+00:00,791.0,2117.62,152,270.0,166,2.753,6.0540016951204745,0.994,90.4,9.09,268.0,,,,
2025-07-19 02:50:58+00:00,792.0,2120.4,152,273.0,166,2.781,5.993048064245475,1.005,90.6,9.02,268.0,,,,
2025-07-19 02:50:59+00:00,793.0,2123.2,152,276.0,166,2.799,5.954507562224604,1.011,91.1,9.01,267.0,,,,
2025-07-19 02:51:00+00:00,794.0,2125.99,153,276.0,166,2.799,5.954507562224604,1.011,91.1,9.01,267.0,,,,
2025-07-19 02:51:01+00:00,795.0,2128.79,152,276.0,166,2.799,5.954507562224604,1.011,91.1,9.01,267.0,,,,
2025-07-19 02:51:02+00:00,796.0,2131.59,153,275.0,166,2.799,5.954507562224604,1.011,91.1,9.01,267.0,,,,
2025-07-19 02:51:03+00:00,797.0,2134.39,153,273.0,168,2.799,5.954507562224604,0.999,89.5,8.95,264.0,,,,
2025-07-19 02:51:04+00:00,798.0,2137.19,153,272.0,168,2.799,5.954507562224604,0.999,89.5,8.95,264.0,,,,
2025-07-19 02:51:05+00:00,799.0,2139.98,153,272.0,166,2.79,5.973715651135006,1.008,91.1,9.03,267.0,,,,
2025-07-19 02:51:06+00:00,800.0,2142.78,153,273.0,168,2.799,5.954507562224604,1.011,91.1,9.01,267.0,,,,
2025-07-19 02:51:07+00:00,801.0,2145.58,153,272.0,168,2.799,5.954507562224604,0.999,89.5,8.95,264.0,,,,
2025-07-19 02:51:08+00:00,802.0,2148.38,153,272.0,168,2.799,5.954507562224604,0.999,89.5,8.95,264.0,,,,
2025-07-19 02:51:09+00:00,803.0,2151.18,153,272.0,168,2.799,5.954507562224604,0.999,89.5,8.95,264.0,,,,
2025-07-19 02:51:10+00:00,804.0,2153.99,153,273.0,168,2.809,5.933309600094932,1.003,89.6,8.93,264.0,,,,
2025-07-19 02:51:11+00:00,805.0,2156.8,153,274.0,166,2.809,5.933309600094932,1.015,91.2,8.99,267.0,,,,
2025-07-19 02:51:12+00:00,806.0,2159.6,153,274.0,168,2.809,5.933309600094932,1.015,91.2,8.99,267.0,,,,
2025-07-19 02:51:13+00:00,807.0,2162.41,153,273.0,168,2.809,5.933309600094932,1.003,89.6,8.93,264.0,,,,
2025-07-19 02:51:14+00:00,808.0,2165.22,154,273.0,168,2.809,5.933309600094932,1.003,89.6,8.93,264.0,,,,
2025-07-19 02:51:15+00:00,809.0,2168.03,154,273.0,168,2.809,5.933309600094932,1.003,89.6,8.93,264.0,,,,
2025-07-19 02:51:16+00:00,810.0,2170.84,154,273.0,166,2.809,5.933309600094932,1.003,89.6,8.93,264.0,,,,
2025-07-19 02:51:17+00:00,811.0,2173.65,153,274.0,166,2.809,5.933309600094932,1.015,91.2,8.99,267.0,,,,
2025-07-19 02:51:18+00:00,812.0,2176.46,154,274.0,168,2.809,5.933309600094932,1.015,91.2,8.99,267.0,,,,
2025-07-19 02:51:19+00:00,813.0,2179.26,154,273.0,168,2.809,5.933309600094932,1.003,89.6,8.93,264.0,,,,
2025-07-19 02:51:20+00:00,814.0,2182.06,154,272.0,168,2.799,5.954507562224604,0.999,89.5,8.95,264.0,,,,
2025-07-19 02:51:21+00:00,815.0,2184.87,154,272.0,168,2.799,5.954507562224604,0.999,89.5,8.95,264.0,,,,
2025-07-19 02:51:22+00:00,816.0,2187.67,154,273.0,166,2.809,5.933309600094932,1.003,89.6,8.93,264.0,,,,
2025-07-19 02:51:23+00:00,817.0,2190.48,154,274.0,166,2.809,5.933309600094932,1.015,91.2,8.99,267.0,,,,
2025-07-19 02:51:24+00:00,818.0,2193.29,154,275.0,168,2.809,5.933309600094932,1.015,91.2,8.99,267.0,,,,
2025-07-19 02:51:25+00:00,819.0,2196.1,154,274.0,168,2.809,5.933309600094932,1.003,89.6,8.93,264.0,,,,
2025-07-19 02:51:26+00:00,820.0,2198.9,154,273.0,168,2.809,5.933309600094932,1.003,89.6,8.93,264.0,,,,
2025-07-19 02:51:27+00:00,821.0,2201.71,154,274.0,166,2.809,5.933309600094932,1.015,91.2,8.99,267.0,,,,
2025-07-19 02:51:28+00:00,822.0,2204.52,155,275.0,166,2.809,5.933309600094932,1.015,91.2,8.99,267.0,,,,
2025-07-19 02:51:29+00:00,823.0,2207.34,155,276.0,168,2.818,5.914360066240833,1.018,91.3,8.96,267.0,,,,
2025-07-19 02:51:30+00:00,824.0,2210.15,155,274.0,168,2.809,5.933309600094932,1.003,89.6,8.93,264.0,,,,
2025-07-19 02:51:31+00:00,825.0,2212.96,155,274.0,168,2.809,5.933309600094932,1.003,89.6,8.93,264.0,,,,
2025-07-19 02:51:32+00:00,826.0,2215.77,155,274.0,168,2.809,5.933309600094932,1.003,89.6,8.93,264.0,,,,
2025-07-19 02:51:33+00:00,827.0,2218.57,155,274.0,168,2.809,5.933309600094932,1.003,89.6,8.93,264.0,,,,
2025-07-19 02:51:34+00:00,828.0,2221.39,155,275.0,168,2.818,5.914360066240833,1.006,89.7,8.91,264.0,,,,
2025-07-19 02:51:35+00:00,829.0,2224.21,155,275.0,166,2.818,5.914360066240833,1.006,89.7,8.91,264.0,,,,
2025-07-19 02:51:36+00:00,830.0,2227.03,155,276.0,168,2.818,5.914360066240833,1.018,91.3,8.96,267.0,,,,
2025-07-19 02:51:37+00:00,831.0,2229.85,155,275.0,168,2.818,5.914360066240833,1.006,89.7,8.91,264.0,,,,
2025-07-19 02:51:38+00:00,832.0,2232.66,155,275.0,168,2.818,5.914360066240833,1.006,89.7,8.91,264.0,,,,
2025-07-19 02:51:39+00:00,833.0,2235.48,155,275.0,168,2.818,5.914360066240833,1.006,89.7,8.91,264.0,,,,
2025-07-19 02:51:40+00:00,834.0,2238.3,155,276.0,166,2.818,5.914360066240833,1.018,91.3,8.96,267.0,,,,
2025-07-19 02:51:41+00:00,835.0,2241.12,155,276.0,168,2.818,5.914360066240833,1.018,91.3,8.96,267.0,,,,
2025-07-19 02:51:42+00:00,836.0,2243.93,156,275.0,168,2.818,5.914360066240833,1.006,89.7,8.91,264.0,,,,
2025-07-19 02:51:43+00:00,837.0,2246.75,156,275.0,168,2.818,5.914360066240833,1.006,89.7,8.91,264.0,,,,
2025-07-19 02:51:44+00:00,838.0,2249.57,156,275.0,168,2.818,5.914360066240833,1.006,89.7,8.91,264.0,,,,
2025-07-19 02:51:45+00:00,839.0,2252.39,156,276.0,166,2.818,5.914360066240833,1.018,91.3,8.96,267.0,,,,
2025-07-19 02:51:46+00:00,840.0,2255.21,156,277.0,164,2.818,5.914360066240833,1.03,93.0,9.02,270.0,,,,
2025-07-19 02:51:47+00:00,841.0,2257.99,155,274.0,164,2.781,5.993048064245475,1.017,92.3,9.08,271.0,,,,
2025-07-19 02:51:48+00:00,842.0,2260.73,156,270.0,168,2.743,6.076072426783328,1.003,91.6,9.13,272.0,,,,
2025-07-19 02:51:49+00:00,843.0,2263.47,156,268.0,168,2.743,6.076072426783328,0.979,88.4,9.02,266.0,,,,
2025-07-19 02:51:50+00:00,844.0,2266.23,156,269.0,168,2.753,6.0540016951204745,0.983,88.4,9.0,266.0,,,,
2025-07-19 02:51:51+00:00,845.0,2268.98,156,270.0,166,2.753,6.0540016951204745,0.994,90.4,9.09,268.0,,,,
2025-07-19 02:51:52+00:00,846.0,2271.74,156,272.0,166,2.762,6.034274680183442,0.998,90.5,9.06,268.0,,,,
2025-07-19 02:51:53+00:00,847.0,2274.5,155,272.0,166,2.762,6.034274680183442,0.998,90.5,9.06,268.0,,,,
2025-07-19 02:51:54+00:00,848.0,2277.27,156,273.0,166,2.771,6.014675808973896,1.001,90.6,9.04,268.0,,,,
2025-07-19 02:51:55+00:00,849.0,2280.04,156,271.0,166,2.762,6.034274680183442,0.998,90.5,9.06,268.0,,,,
2025-07-19 02:51:56+00:00,850.0,2282.78,156,269.0,166,2.743,6.076072426783328,0.991,90.0,9.07,269.0,,,,
2025-07-19 02:51:57+00:00,851.0,2285.5,156,267.0,166,2.725,6.116207951070336,0.984,89.8,9.12,269.0,,,,
2025-07-19 02:51:58+00:00,852.0,2288.21,156,264.0,166,2.706,6.159152500615916,0.978,89.3,9.13,270.0,,,,
2025-07-19 02:51:59+00:00,853.0,2290.93,156,264.0,166,2.715,6.1387354205033775,0.981,89.7,9.14,269.0,,,,
2025-07-19 02:52:00+00:00,854.0,2293.65,156,263.0,166,2.725,6.116207951070336,0.984,89.8,9.12,269.0,,,,
2025-07-19 02:52:01+00:00,855.0,2296.38,156,264.0,166,2.734,6.0960741282614,0.988,89.9,9.1,269.0,,,,
2025-07-19 02:52:02+00:00,856.0,2299.13,156,264.0,168,2.743,6.076072426783328,0.979,88.4,9.02,266.0,,,,
2025-07-19 02:52:03+00:00,857.0,2301.88,155,264.0,168,2.753,6.0540016951204745,0.983,88.4,9.0,266.0,,,,
2025-07-19 02:52:04+00:00,858.0,2304.64,156,265.0,168,2.762,6.034274680183442,0.986,88.9,9.01,265.0,,,,
2025-07-19 02:52:05+00:00,859.0,2307.41,156,265.0,166,2.771,6.014675808973896,0.989,88.9,8.99,265.0,,,,
2025-07-19 02:52:06+00:00,860.0,2310.18,156,265.0,166,2.771,6.014675808973896,1.001,90.6,9.04,268.0,,,,
2025-07-19 02:52:07+00:00,861.0,2312.95,156,264.0,166,2.771,6.014675808973896,1.001,90.6,9.04,268.0,,,,
2025-07-19 02:52:08+00:00,862.0,2315.73,156,265.0,166,2.781,5.993048064245475,1.005,90.6,9.02,268.0,,,,
2025-07-19 02:52:09+00:00,863.0,2318.51,156,264.0,166,2.781,5.993048064245475,1.005,90.6,9.02,268.0,,,,
2025-07-19 02:52:10+00:00,864.0,2321.3,156,264.0,168,2.781,5.993048064245475,1.005,90.6,9.02,268.0,,,,
2025-07-19 02:52:11+00:00,865.0,2324.08,156,263.0,168,2.781,5.993048064245475,0.993,89.0,8.96,265.0,,,,
2025-07-19 02:52:12+00:00,866.0,2326.86,156,263.0,168,2.781,5.993048064245475,0.993,89.0,8.96,265.0,,,,
2025-07-19 02:52:13+00:00,867.0,2329.64,160,263.0,168,2.781,5.993048064245475,0.993,89.0,8.96,265.0,,,,
2025-07-19 02:52:14+00:00,868.0,2332.42,162,263.0,166,2.781,5.993048064245475,1.005,90.6,9.02,268.0,,,,
2025-07-19 02:52:15+00:00,869.0,2335.2,165,263.0,166,2.781,5.993048064245475,1.005,90.6,9.02,268.0,,,,
2025-07-19 02:52:16+00:00,870.0,2337.98,166,263.0,168,2.781,5.993048064245475,1.005,90.6,9.02,268.0,,,,
2025-07-19 02:52:17+00:00,871.0,2340.76,167,262.0,168,2.781,5.993048064245475,0.993,89.0,8.96,265.0,,,,
2025-07-19 02:52:18+00:00,872.0,2343.55,167,264.0,168,2.79,5.973715651135006,0.996,89.1,8.94,265.0,,,,
2025-07-19 02:52:19+00:00,873.0,2346.35,167,266.0,168,2.799,5.954507562224604,0.999,89.5,8.95,264.0,,,,
2025-07-19 02:52:20+00:00,874.0,2349.16,167,268.0,166,2.809,5.933309600094932,1.015,91.2,8.99,267.0,,,,
2025-07-19 02:52:21+00:00,875.0,2351.97,168,269.0,166,2.809,5.933309600094932,1.015,91.2,8.99,267.0,,,,
2025-07-19 02:52:22+00:00,876.0,2354.78,167,269.0,166,2.809,5.933309600094932,1.015,91.2,8.99,267.0,,,,
2025-07-19 02:52:23+00:00,877.0,2357.58,167,269.0,166,2.809,5.933309600094932,1.015,91.2,8.99,267.0,,,,
2025-07-19 02:52:24+00:00,878.0,2360.35,167,265.0,166,2.771,6.014675808973896,1.001,90.6,9.04,268.0,,,,
2025-07-19 02:52:25+00:00,879.0,2363.04,168,258.0,166,2.687,6.202704379109291,0.971,89.1,9.18,270.0,,,,
2025-07-19 02:52:26+00:00,880.0,2365.66,167,252.0,166,2.622,6.356470887363336,0.947,87.8,9.27,272.0,,,,
2025-07-19 02:52:27+00:00,881.0,2368.24,167,248.0,166,2.575,6.472491909385114,0.93,87.1,9.35,273.0,,,,
2025-07-19 02:52:28+00:00,882.0,2370.88,167,255.0,166,2.641,6.310740880979426,0.954,88.4,9.26,271.0,,,,
2025-07-19 02:52:29+00:00,883.0,2373.55,167,258.0,168,2.669,6.244536030972898,0.964,89.0,9.22,270.0,,,,
2025-07-19 02:52:30+00:00,884.0,2376.24,167,262.0,168,2.687,6.202704379109291,0.959,87.6,9.12,267.0,,,,
2025-07-19 02:52:31+00:00,885.0,2378.92,167,265.0,168,2.687,6.202704379109291,0.959,87.6,9.12,267.0,,,,
2025-07-19 02:52:32+00:00,886.0,2381.62,166,264.0,166,2.697,6.17970584600173,0.974,89.2,9.15,270.0,,,,
2025-07-19 02:52:33+00:00,887.0,2384.32,166,263.0,166,2.697,6.17970584600173,0.974,89.2,9.15,270.0,,,,
2025-07-19 02:52:34+00:00,888.0,2387.02,166,264.0,166,2.706,6.159152500615916,0.978,89.3,9.13,270.0,,,,
2025-07-19 02:52:35+00:00,889.0,2389.75,166,267.0,166,2.725,6.116207951070336,0.984,89.8,9.12,269.0,,,,
2025-07-19 02:52:36+00:00,890.0,2392.48,166,268.0,166,2.734,6.0960741282614,0.988,89.9,9.1,269.0,,,,
2025-07-19 02:52:37+00:00,891.0,2395.21,166,269.0,166,2.734,6.0960741282614,0.988,89.9,9.1,269.0,,,,
2025-07-19 02:52:38+00:00,892.0,2397.96,167,270.0,166,2.743,6.076072426783328,0.991,90.0,9.07,269.0,,,,
2025-07-19 02:52:39+00:00,893.0,2400.7,167,269.0,166,2.743,6.076072426783328,0.991,90.0,9.07,269.0,,,,
2025-07-19 02:52:40+00:00,894.0,2403.45,167,269.0,166,2.743,6.076072426783328,0.991,90.0,9.07,269.0,,,,
2025-07-19 02:52:41+00:00,895.0,2406.19,167,269.0,166,2.743,6.076072426783328,0.991,90.0,9.07,269.0,,,,
2025-07-19 02:52:42+00:00,896.0,2408.93,168,269.0,166,2.743,6.076072426783328,0.991,90.0,9.07,269.0,,,,
2025-07-19 02:52:43+00:00,897.0,2411.68,168,270.0,166,2.753,6.0540016951204745,0.994,90.4,9.09,268.0,,,,
2025-07-19 02:52:44+00:00,898.0,2414.44,168,270.0,166,2.753,6.0540016951204745,0.994,90.4,9.09,268.0,,,,
2025-07-19 02:52:45+00:00,899.0,2417.2,169,272.0,164,2.762,6.034274680183442,0.998,90.5,9.06,268.0,,,,
2025-07-19 02:52:46+00:00,900.0,2419.96,169,273.0,164,2.762,6.034274680183442,1.01,92.2,9.12,271.0,,,,
2025-07-19 02:52:47+00:00,901.0,2422.72,170,273.0,164,2.762,6.034274680183442,1.01,92.2,9.12,271.0,,,,
2025-07-19 02:52:48+00:00,902.0,2425.47,170,270.0,164,2.753,6.0540016951204745,0.994,90.4,9.09,268.0,,,,
2025-07-19 02:52:49+00:00,903.0,2428.23,170,270.0,166,2.753,6.0540016951204745,0.994,90.4,9.09,268.0,,,,
2025-07-19 02:52:50+00:00,904.0,2430.98,170,270.0,166,2.753,6.0540016951204745,0.994,90.4,9.09,268.0,,,,
2025-07-19 02:52:51+00:00,905.0,2433.73,170,270.0,166,2.753,6.0540016951204745,0.994,90.4,9.09,268.0,,,,
2025-07-19 02:52:52+00:00,906.0,2436.49,169,270.0,166,2.753,6.0540016951204745,0.994,90.4,9.09,268.0,,,,
2025-07-19 02:52:53+00:00,907.0,2439.23,169,269.0,166,2.743,6.076072426783328,0.991,90.0,9.07,269.0,,,,
2025-07-19 02:52:54+00:00,908.0,2441.97,168,268.0,168,2.743,6.076072426783328,0.979,88.4,9.02,266.0,,,,
2025-07-19 02:52:55+00:00,909.0,2444.71,168,268.0,168,2.743,6.076072426783328,0.979,88.4,9.02,266.0,,,,
2025-07-19 02:52:56+00:00,910.0,2447.46,168,269.0,164,2.743,6.076072426783328,0.991,90.0,9.07,269.0,,,,
2025-07-19 02:52:57+00:00,911.0,2450.21,169,272.0,164,2.753,6.0540016951204745,1.007,92.1,9.14,271.0,,,,
2025-07-19 02:52:58+00:00,912.0,2452.96,168,271.0,166,2.753,6.0540016951204745,1.007,92.1,9.14,271.0,,,,
2025-07-19 02:52:59+00:00,913.0,2455.72,168,270.0,166,2.753,6.0540016951204745,0.994,90.4,9.09,268.0,,,,
2025-07-19 02:53:00+00:00,914.0,2458.47,169,269.0,168,2.753,6.0540016951204745,0.983,88.4,9.0,266.0,,,,
2025-07-19 02:53:01+00:00,915.0,2461.22,168,268.0,168,2.753,6.0540016951204745,0.983,88.4,9.0,266.0,,,,
2025-07-19 02:53:02+00:00,916.0,2463.97,168,268.0,168,2.753,6.0540016951204745,0.983,88.4,9.0,266.0,,,,
2025-07-19 02:53:03+00:00,917.0,2466.72,169,268.0,166,2.753,6.0540016951204745,0.983,88.4,9.0,266.0,,,,
2025-07-19 02:53:04+00:00,918.0,2469.48,169,269.0,168,2.753,6.0540016951204745,0.994,90.4,9.09,268.0,,,,
2025-07-19 02:53:05+00:00,919.0,2472.22,169,267.0,168,2.743,6.076072426783328,0.979,88.4,9.02,266.0,,,,
2025-07-19 02:53:06+00:00,920.0,2474.97,169,268.0,166,2.743,6.076072426783328,0.991,90.0,9.07,269.0,,,,
2025-07-19 02:53:07+00:00,921.0,2477.71,170,268.0,166,2.743,6.076072426783328,0.991,90.0,9.07,269.0,,,,
2025-07-19 02:53:08+00:00,922.0,2480.45,170,268.0,164,2.743,6.076072426783328,0.991,90.0,9.07,269.0,,,,
2025-07-19 02:53:09+00:00,923.0,2483.2,170,269.0,164,2.743,6.076072426783328,1.003,91.6,9.13,272.0,,,,
2025-07-19 02:53:10+00:00,924.0,2485.94,171,268.0,166,2.743,6.076072426783328,0.991,90.0,9.07,269.0,,,,
